{
  "botPrompts" : [ ],
  "compositeBagItems" : [ {
    "sequenceNr" : 1,
    "name" : "Answer",
    "fullName" : "Answer",
    "type" : "STRING",
    "multiValue" : false,
    "multiLingual" : false,
    "fuzzyMatch" : false,
    "outOfOrderExtraction" : "NEVER",
    "promptForDisambiguation" : true,
    "prompts" : [ {
      "sequenceNr" : 1,
      "text" : "$(rb('systemFlowName_'+'${skill.system.event.value.answerIntent.intent Name]', channelType', ${skill.channel Type.value]')]",
      "type" : "DEFAULT"
    } ],
    "defaultEndDateToStartDate" : false,
    "strictBoundary" : false,
    "trackingId" : "6C009219-2A91-46AB-8C22-85456AC25961",
    "children" : null
  } ],
  "description" : "Displays the top matching answer to a user question\n",
  "eventHandler" : "DisplayResolvedAnswerNER_EEH:DisplayResolvedAnswerNER_EEH",
  "fuzzyMatch" : false,
  "multiValue" : false,
  "name" : "z.cbe.DisplayResolvedAnswerNER",
  "promptForDisambiguation" : true,
  "trackingId" : "E7264917-B8CA-4AC0-AED0-3895F457B198",
  "type" : "COMPOSITEBAG",
  "validationRules" : [ ]
}