{
  "botPrompts" : [ ],
  "compositeBagItems" : [ {
    "sequenceNr" : 1,
    "name" : "CarouselPrompt",
    "fullName" : "CarouselPrompt",
    "description" : "bag item of type string to display a prompt and handle user entry",
    "type" : "STRING",
    "errorMessage" : "${rb('z.cbe.AnswerCarouseINER.CarouselPrompt.ErrorMessage')}",
    "multiValue" : false,
    "multiLingual" : false,
    "fuzzyMatch" : false,
    "outOfOrderExtraction" : "NEVER",
    "promptForDisambiguation" : true,
    "prompts" : [ {
      "text" : "${rb('z.cbe.AnswerCarouselNER.CarouselPrompt.Prompt3','channelType','${skill.channelType.value}')}",
      "type" : "DEFAULT"
    }, {
      "text" : "${rb('z.cbe.AnswerCarouselNER.CarouselPrompt.Prompt2','channelType','${skill.channelType.value}')}",
      "type" : "DEFAULT"
    }, {
      "text" : "${rb('z.cbe.AnswerCarouselNER.CarouselPrompt.Prompt1','channelType','${skill.channelType.value}')}",
      "type" : "DEFAULT"
    } ],
    "defaultEndDateToStartDate" : false,
    "strictBoundary" : false,
    "trackingId" : "D1F24953-75C6-4CB9-9A81-B386EFCB07E0",
    "children" : null
  }, {
    "sequenceNr" : 2,
    "name" : "PositionalSelect",
    "fullName" : "PositionalSelect",
    "description" : "metadata: bag item captures user provided index",
    "type" : "ENTITY",
    "entityName" : "NUMBER",
    "entityUsage" : {
      "type" : "NamedEntity",
      "name" : "NUMBER",
      "multiValue" : false,
      "fuzzyMatch" : false,
      "promptForDisambiguation" : true
    },
    "multiValue" : true,
    "multiLingual" : false,
    "fuzzyMatch" : false,
    "outOfOrderExtraction" : "ALWAYS",
    "extractWith" : "CarouselPrompt",
    "promptForDisambiguation" : true,
    "promptForValue" : "false",
    "defaultEndDateToStartDate" : false,
    "customSettings" : {
      "number" : {
        "version" : "1.0",
        "userLocaleEnabled" : true
      }
    },
    "strictBoundary" : false,
    "trackingId" : "91305445-267C-47DE-A500-75D92E99EAE4",
    "children" : null
  } ],
  "description" : "Display a configurable number of follow-up answers in cards; allows select by position for buttons\n",
  "eventHandler" : "AnswerCarouselINER_EEH:AnswerCarouselINER_EEH",
  "fuzzyMatch" : false,
  "multiValue" : false,
  "name" : "z.cbe.AnswerCarouselNER",
  "promptForDisambiguation" : true,
  "trackingId" : "C00CF568-540C-4A3E-9384-A1C9B8DC0BCE",
  "type" : "COMPOSITEBAG",
  "validationRules" : [ ]
}