{
  "keys" : {
    "UnresolvedIntent.unresolvedMessage" : {
      "annotation" : "Message displayed when no answer intent gets resolved for a user message",
      "extensionType" : null,
      "message" : "Desole, je n'ai pas compris. Pouvez-vous reformuler votre question ?",
      "trackingId" : "11F27019-DE46-48DC-A889-3B55D53E4CB5"
    },
    "systemAnswer_QnA.ans.Chabtbot" : {
      "annotation" : null,
      "extensionType" : null,
      "message" : "Parfait, ça marche 🖐Un chatbot aussi nommé dialogueur est un agent qui dialogue avec un utilisateur via des clics. Je suis un programme informatique 🤖",
      "trackingId" : "4E723AA2-7B01-47B3-A9DB-6FCED7A6452F"
    },
    "systemAnswer_QnA.ans.Commencer" : {
      "annotation" : null,
      "extensionType" : null,
      "message" : "L'architecture représente une grande partie de l'Histoire de l'humanité et elle a servi d’inspiration à de nombreux films.🎥  <br />\nLe mot “<strong>Architecture</strong>” signifie en grec: “<strong>commander les ouvriers</strong>”. Un architecte est donc celui qui détient le savoir de la construction. <br />\nLe passage d'une information à l'autre se fait en cliquant sur un des choix proposés. Je suis assez bavard 💬n'hésite pas à faire des pauses entre chaque film ! ☕<br />\nL'atelier est composé de <strong>7 images issues de 7 films</strong> 🍿, le but étant de découvrir pour chaque film, l'envers du décor, essayes d'éviter les pièges 🧐.<br />\nIl suffit pour cela de taper <strong>Film1</strong>,<strong>Film2.</strong>.. jusqu'au <strong>Film7</strong> ! Il y a un <strong>FilmBonus</strong> égallement pour les motivé(e)s 😊",
      "trackingId" : "07EE1AB3-3A25-4D9F-B3AD-CA58501DEAC9"
    },
    "systemAnswer_QnA.ans.Film1Construit" : {
      "annotation" : null,
      "extensionType" : null,
      "message" : "<strong>🚫 Pas possible à cette époque  ...<br />\nHill Valley </strong>est une ville fictive de Californie <a href=\"https://emojis.wiki/school/\">🏫 </a>où vivent les personnages de la trilogie Retour vers le futur ainsi que de la série de dessins animés du même nom. Pour le premier volet , les producteurs de la trilogie ont dans un premier temps pensé à filmer les scènes de ville dans la véritable cité de Petaluma (Californie), m<strong>ais face aux coûts monstrueux</strong> et à <strong>la difficulté de transformer les lieux </strong>pour qu'ils correspondent aux différents époques, c<strong>es derniers ont préféré recréer un centre-ville en studio.</strong>",
      "trackingId" : "6B4C8B48-5AF8-4808-A879-F1C2828C70E8"
    },
    "systemAnswer_QnA.ans.Film1Ordinateur" : {
      "annotation" : null,
      "extensionType" : null,
      "message" : "BRAVOOO 🚀 <br />\n<strong>Hill Valley </strong>est une ville fictive de Californie <a href=\"https://emojis.wiki/school/\">🏫 </a>​​​​​​​où vivent les personnages de la trilogie Retour vers le futur ainsi que de la série de dessins animés du même nom. Pour le premier volet , les producteurs de la trilogie ont dans un premier temps pensé à filmer les scènes de ville dans la véritable cité de Petaluma (Californie), m<strong>ais face aux coûts monstrueux</strong> et à <strong>la difficulté de transformer les lieux </strong>pour qu'ils correspondent aux différents époques, c<strong>es derniers ont préféré recréer un centre-ville en studio.</strong>",
      "trackingId" : "4A1728D3-9333-4A72-9B10-BB02C6AF81BF"
    },
    "systemAnswer_QnA.ans.Film2Artificiel" : {
      "annotation" : null,
      "extensionType" : null,
      "message" : "Pour son film, le réalisateur a préféré faire un tour en Allemagne 🇩🇪<br />\nIl est possible de visiter, <strong>le palace rose bonbon qui sert de cadre à l’intrigue du film</strong> The Grand Budapest Hotel, <strong>ce n’est pas un décor artificiel !</strong>. Le lieu existe réellement, c’est un ancien grand magasin de style Art nouveau 🏩.<br />\n<strong>Le réalisteur filmait pour la première fois l'Allemagne</strong> et ça a fait sensation puisque le film a remporté 4 Oscars en 2015 dont celui, évidemment, du meilleur décor.",
      "trackingId" : "28D466C6-CA71-4C21-8024-E44C5B864FF7"
    },
    "systemAnswer_QnA.ans.Film2Vrai" : {
      "annotation" : null,
      "extensionType" : null,
      "message" : "Bravo 🎆 !<br />\nIl est possible de visiter, <strong>le palace rose bonbon qui sert de cadre à l’intrigue du film</strong> The Grand Budapest Hotel, <strong>ce n’est pas un décor artificiel !</strong>. Le lieu existe réellement, c’est un ancien grand magasin de style Art nouveau 🏩.<br />\n<strong>Le réalisteur filmait pour la première fois l'Allemagne</strong> et ça a fait sensation puisque le film a remporté 4 Oscars en 2015 dont celui, évidemment, du meilleur décor.",
      "trackingId" : "E836F6DD-D793-4AFB-A1BF-EEADC3E38F30"
    },
    "systemAnswer_QnA.ans.Film3GothiqueAnglais" : {
      "annotation" : null,
      "extensionType" : null,
      "message" : "Tu as l’👀 et <strong>tu connais tes basiques</strong> 😁<br />\n<strong>Gotham City</strong>, la fameuse ville fictive dans laquelle évolue Batman, a connu une multitude d’apparences selon les époques des comics ou les différentes adaptations au cinéma. L’une d’entre elles semble toutefois s’imposer dans le temps et reste gravée dans nos mémoires !<br />\n<strong>La version sombre de Tim Burton</strong> avec ses buildings art déco. On revient avec vous sur les origines de la ville du Chevalier noir…",
      "trackingId" : "E11DDFCF-B12D-4FAA-9CAC-FF20456E0542"
    },
    "systemAnswer_QnA.ans.Film3NewYork" : {
      "annotation" : null,
      "extensionType" : null,
      "message" : "Ce n'est pas la bonne réponse 🚫<br />\n<strong>Gotham City</strong>, la fameuse ville fictive dans laquelle évolue Batman, a connu une multitude d’apparences selon les époques des comics ou les différentes adaptations au cinéma. L’une d’entre elles semble toutefois s’imposer dans le temps et reste gravée dans nos mémoires !<br />\n<strong>La version sombre de Tim Burton</strong> avec ses buildings art déco. On revient avec vous sur les origines de la ville du Chevalier noir…",
      "trackingId" : "F4D3F795-DCE8-41C9-A203-20FB5D409BC6"
    },
    "systemAnswer_QnA.ans.Film4Tatouine" : {
      "annotation" : null,
      "extensionType" : null,
      "message" : "<strong>Alors ce n'est malheureusement pas possible </strong>🤷‍♀️... Star Wars 🌌👊 est sorti en 1977, bien après le premier Planète des Singes. <br />\n<strong>L'habitat troglodytique</strong> est, depuis la Préhistoire, plus ou moins complexe, présente dans différentes traditions consistant à aménager des habitats souterrains ou creusés dans le rocher à flanc de montagne. La photo présente un exemple de ce type de village.",
      "trackingId" : "D6B9B1B3-1D8A-44D7-A4B3-E64B68F0AE45"
    },
    "systemAnswer_QnA.ans.Film4VillagesPrehistorique" : {
      "annotation" : null,
      "extensionType" : null,
      "message" : "<strong>Ok, c'était trop facile 🥺🥺 </strong>Effectivement Star Wars 🌌👊 est sorti en 1977, bien après le premier Planète des Singes.<br />\nL'h<strong>abitat troglodytique est</strong>, depuis la Préhistoire, plus ou moins complexe, présente dans différentes traditions consistant à aménager des habitats souterrains ou creusés dans le rocher à flanc de montagne. La photo présente un exemple de ce type de village.",
      "trackingId" : "E9F2FCD5-FCB2-4C43-9CE3-6C492797A8AE"
    },
    "systemAnswer_QnA.ans.Film5Studio" : {
      "annotation" : null,
      "extensionType" : null,
      "message" : "<strong>Je suis aussi tombé dans le piège 🥺 mais...</strong><br />\nLes environs de <strong>cette ville du sud de la Tunisie ont été largement utilisés pour les 📽️</strong>. C’est à Matmata que se trouve la ferme des Lars (oncle et tante de Luke), laquelle est le désormais fameux hôtel Sidi Driss. D'autres sites tunisiens comme Nefta, Djerba, le Chott el djerid ou encore le canyon de Sidi Bouhlel sont également visibles dans certains épisodes de la saga.<br />\n<strong>Les lieux exotiques fournissent aux films des décors fantastiques qui semblent plus vraisemblables</strong>",
      "trackingId" : "6E249AEE-4721-4309-A6A9-D132F5009491"
    },
    "systemAnswer_QnA.ans.Film5Tunisie" : {
      "annotation" : null,
      "extensionType" : null,
      "message" : "<strong>Exactement</strong> 🚀 Je n'y suis pas encore allé 🥺 mais...<br />\nLes environs de <strong>cette ville du sud de la Tunisie ont été largement utilisés pour les 📽️</strong>. C’est à Matmata que se trouve la ferme des Lars (oncle et tante de Luke), laquelle est le désormais fameux hôtel Sidi Driss. D'autres sites tunisiens comme Nefta, Djerba, le Chott el djerid ou encore le canyon de Sidi Bouhlel sont également visibles dans certains épisodes de la saga.<br />\n<strong>Les lieux exotiques fournissent aux films des décors fantastiques qui semblent plus vraisemblables</strong>",
      "trackingId" : "E247A659-8CD8-4E78-98E4-EE6F1163DD89"
    },
    "systemAnswer_QnA.ans.Film6Passionne" : {
      "annotation" : null,
      "extensionType" : null,
      "message" : "<strong>Et oui, cette maison est visible dans le film</strong>  \"Les diamants sont éternels \"(G. Hamilton, 1971)<br />\n<strong>Le film dans lequel on retrouve le célèbre James Bond</strong> se passe dans la Elrod House  🏙 , construite sur les hauteurs de Palm Springs aux Etats Unis,<strong> </strong>peut-être <em>l’architecte 💖  des réalisateurs. </em>",
      "trackingId" : "93928537-CC73-4FC0-92E0-4774CFE22478"
    },
    "systemAnswer_QnA.ans.Film6Vaisseau" : {
      "annotation" : null,
      "extensionType" : null,
      "message" : "Cette maison est visible dans le film \"Les diamants sont éternels\" (G. Hamilton, 1971). <strong>C'est donc bien une maison d'archi et non juste une modélisation 😭<br />\nLe film dans lequel on retrouve le célèbre James Bond</strong> se passe dans la Elrod House  🏙 , construite sur les hauteurs de Palm Springs aux Etats Unis,<strong> </strong>peut-être <em>l’architecte 💖  des réalisateurs. </em>",
      "trackingId" : "D71778AF-AF67-420A-AEE0-18D0B85E793A"
    },
    "systemAnswer_QnA.ans.Film7Sorciere" : {
      "annotation" : null,
      "extensionType" : null,
      "message" : "Les sorcières, ou prétendues comme telles ont été pourchassées de tout temps et de nombreux procès bien souvent expédiés se sontouverts pour juger celles que l’on pensait capables des pires maux. <br />\nMais<strong> la question porte bien sur l’existence de ce 🌉 suspendue, et bien OUI !</strong>",
      "trackingId" : "902D4CB3-A8F9-45A8-8AD8-D67312312E45"
    },
    "systemAnswer_QnA.ans.Film7Train" : {
      "annotation" : null,
      "extensionType" : null,
      "message" : "<strong>Le viaduc de Glenfinnan, à Lochaber (Ecosse)</strong> 🌉. Situé sur la ligne ferroviaire de la West Highland Line entre Fort William et Mallaig, <strong>ce viaduc est un passage obligé pour les sorciers voyageant à bord du Poudlard Express.</strong> Dans Harry Potter et la Chambre des secrets, on voit Ron faire atterrir sa Ford Anglia dessus.<br />\nPour profiter du décor dans des conditions dignes du film, <strong>grimpez à bord du Jacobite Steam Train, le train à vapeur de West Coast Railways </strong>qui emprunte le viaduc deux fois par jour, car le viaduc existe bel et bien !",
      "trackingId" : "4744D1B1-3AE8-40A5-A9BC-FE7756CB9A26"
    },
    "systemAnswer_QnA.ans.FilmBonusHollywood" : {
      "annotation" : null,
      "extensionType" : null,
      "message" : "<strong>COCORICO</strong> 🐔 c'est en <strong>réalité une cité futuriste en France </strong>🇫🇷 !!<br />\nSi une majorité du tournage s’est déroulée à Atlanta, l’équipe s’est également transportée en région parisienne, au Palacio d’Abraxas et au château de Voisins près de Versailles.<br />\n<strong>Merci pour cet échange autour du cinéma</strong> ! J'espère que cela t'as permis de regarder tes films préférés en profitant des décors🔍<br />\nSont-ils réels, des maquettes ou en 3D ? Les bâtiments et décors servent-ils le scénario ? 📽️<br />\nSinon à très bientôt pour d'autres bot ludiques 🤖",
      "trackingId" : "7E7E9861-96F0-4744-BD21-8B590DCBCACD"
    },
    "systemAnswer_QnA.ans.FilmBonusParis" : {
      "annotation" : null,
      "extensionType" : null,
      "message" : "<strong>Bravo, c'est bien une cité futuriste en France 🇫🇷 !!</strong><br />\nSi une majorité du tournage s’est déroulée à Atlanta, , l’équipe s’est également transportée en région parisienne, au Palacio d’Abraxas et au château de Voisins près de Versailles.<br />\n<strong>Merci pour cet échange autour du cinéma</strong> ! J'espère que cela t'as permis de regarder tes films préférés en profitant des décors🔍<br />\nSont-ils réels, des maquettes ou en 3D ? Les bâtiments et décors servent-ils le scénario ? 📽️<br />\n<strong>Sinon à très bientôt pour d'autres bot ludiques </strong>🤖",
      "trackingId" : "1C1F0CC7-6502-4D60-B243-6381C6932233"
    },
    "systemComponent_AgentConversation_conclusionMessage" : {
      "annotation" : "The message shown to the user when human agent ends the chat.",
      "extensionType" : null,
      "message" : "La session de chat est terminee. Merci d'avoir discuter avec nous.",
      "trackingId" : "C14BD676-F46C-4A24-92B0-E1BF8A00FCAB"
    },
    "systemComponent_AgentConversation_errorMessage" : {
      "annotation" : "The message shown to the user when Digital Assistant experiences errors with the agent chat system.",
      "extensionType" : null,
      "message" : "Erreur de session de chat. La raison est : {0}.",
      "trackingId" : "0A883573-94AF-45EE-82A8-7206196B65A2"
    },
    "systemComponent_AgentConversation_exitKeywords" : {
      "annotation" : "Comma-delimited list of keywords the user can use to end the chat with the agent.",
      "extensionType" : null,
      "message" : "bye, take care, see you, goodbye",
      "trackingId" : "5D1C05DE-A913-4E3C-9033-4EC5BFF89560"
    },
    "systemComponent_AgentConversation_expiryMessage" : {
      "annotation" : "The message shown to the user when the chat session expires.",
      "extensionType" : null,
      "message" : "La session de chat est terminee. Merci d'avoir discuter avec nous.",
      "trackingId" : "03638332-1DC2-45E1-AF71-BE104F18C60E"
    },
    "systemComponent_AgentConversation_userLeftMessage" : {
      "annotation" : null,
      "extensionType" : null,
      "message" : "L'utilisateur a quitte le chat.",
      "trackingId" : "B55CC6D7-6E14-4AD5-99E5-6E0D2A1C24E1"
    },
    "systemComponent_AgentConversation_waitExpiryMessage" : {
      "annotation" : "The message shown to the user when the chat expires while waiting for an agent.",
      "extensionType" : null,
      "message" : "La demande de chat en direct a expire pendant l'attente d'un agent.",
      "trackingId" : "7B8CEAD4-AEC2-4E9E-8CEF-5F7C83DC2D0F"
    },
    "systemComponent_AgentInitiation_agentActionsMessage" : {
      "annotation" : "Message preceding the list of agent actions.",
      "extensionType" : null,
      "message" : "\\nVoici les actions disponibles que vous pouvez envoyer pour transferer la conversation au robot. Faites preceder l'action d'une barre oblique (par exemple, /actionName).",
      "trackingId" : "9865E44A-C9E6-49A5-B2EF-75F4BA5E2A43"
    },
    "systemComponent_AgentInitiation_errorMessage" : {
      "annotation" : "The message shown to user when system error occurs during chat initiation with agent.",
      "extensionType" : null,
      "message" : "Erreur de transfert a l'agent. La raison est : {0}.",
      "trackingId" : "8149CC7D-10AF-4A7D-A387-48DFE5B6D108"
    },
    "systemComponent_AgentInitiation_rejectedMessage" : {
      "annotation" : "The message shown to the user when human agent rejects the chat request.",
      "extensionType" : null,
      "message" : "Agent rejete",
      "trackingId" : "D477C374-1876-4618-BFB0-EB19C053D355"
    },
    "systemComponent_AgentInitiation_resumedMessage" : {
      "annotation" : "The message shown to the user when the chat with human agent is resumed.",
      "extensionType" : null,
      "message" : "Reprise de la conversation avec l'agent",
      "trackingId" : "771F4ACB-F22E-4148-8E55-44429C1EECFE"
    },
    "systemComponent_AgentInitiation_waitingMessage" : {
      "annotation" : "The message that's shown to users when they are waiting for a human agent.",
      "extensionType" : null,
      "message" : "Session de chat de l'agent etablie, en attente de la participation de l'agent.",
      "trackingId" : "84A881EB-ACBE-469E-AD9D-C845B308E89A"
    },
    "systemComponent_AgentTransferCondition_errorMessage" : {
      "annotation" : "The message shown to the user when Digital Assistant experiences trouble checking agent status with the agent chat system.",
      "extensionType" : null,
      "message" : "Nous n'avons pas pu verifier le statut des autres agents en raison d'une erreur du systeme.",
      "trackingId" : "70F140D7-03AE-479B-B5B7-E8A5D4401F94"
    },
    "systemComponent_AgentTransfer_acceptedMessage" : {
      "annotation" : "The message that's shown to the users whenever a human agent accepts the chat request.",
      "extensionType" : null,
      "message" : "Le chat a �t� transfere a un autre agent.",
      "trackingId" : "FFED975B-17FE-4CFD-80A1-805C3110CB88"
    },
    "systemComponent_AgentTransfer_errorMessage" : {
      "annotation" : "The message shown to the user when Digital Assistant experiences trouble with the agent chat system.",
      "extensionType" : null,
      "message" : "Nous n'avons pas pu vous transferer e un autre agent en raison d'une erreur du systeme.",
      "trackingId" : "9C266266-EBD2-49F1-8F5B-24BD1DCF7CC4"
    },
    "systemComponent_AgentTransfer_rejectedMessage" : {
      "annotation" : "The message that's shown to the users whenever a human agent rejects the chat request, 'maxEngagementsInQueue' is exceeded, the 'allowTransferIf' condition is not met, or the estimated wait time exceeds 'maxWaitSeconds'.",
      "extensionType" : null,
      "message" : "Agent rejete",
      "trackingId" : "3A099D65-22AC-4DD0-9F3E-D402BE258DE0"
    },
    "systemComponent_AgentTransfer_waitingMessage" : {
      "annotation" : "The message that's shown to users when they're transferred to a human agent.",
      "extensionType" : null,
      "message" : "Session de chat d'agent etablie, en attente de la participation d'un agent.",
      "trackingId" : "CDC2CFD8-7FC4-4F4F-97D6-5BD8D5550C82"
    },
    "systemComponent_CommonResponse_formTitle" : {
      "annotation" : "Default title shown in form dialog when using table-form message type on Slack.",
      "extensionType" : null,
      "message" : "Voir les details",
      "trackingId" : "EDD74E22-3919-4158-9A9A-562A46EEF432"
    },
    "systemComponent_CommonResponse_showFormButtonLabel" : {
      "annotation" : "Button label to open form when using a table-form layout.",
      "extensionType" : null,
      "message" : "Vue",
      "trackingId" : "E4DC2E64-BEF0-4AC0-BB9A-527F4F6ED53F"
    },
    "systemComponent_Feedback_feedbackPrompt" : {
      "annotation" : "It is the prompt shown to the user to select rating for the conversation.",
      "extensionType" : null,
      "message" : "Quelle note donneriez-vous e cette conversation ?",
      "trackingId" : "E3DCCA66-0FB4-4C08-AF82-2D69EAF287E5"
    },
    "systemComponent_Feedback_invalidValuePrompt" : {
      "annotation" : "It is the prompt shown to the user to select rating for the conversation after user inputs an invalid value for rating.",
      "extensionType" : null,
      "message" : "La valeur soumise pour l'evaluation n'est pas valide. Veuillez reessayer",
      "trackingId" : "5C9BBB0C-A88F-49A8-A333-5570AA57FE58"
    },
    "systemComponent_Feedback_ratingButtonLabels" : {
      "annotation" : "Comma separated list of labels displayed on rating buttons in feedback component.",
      "extensionType" : null,
      "message" : "1,2,3,4,5",
      "trackingId" : "7AADA4C3-B772-40CF-8F3E-329A51E68C0E"
    },
    "systemComponent_Feedback_skipLabel" : {
      "annotation" : "The label of the skip button to skip the feedback.",
      "extensionType" : null,
      "message" : "Sauter",
      "trackingId" : "FB47381E-BAB4-472A-93C9-50BA155452CF"
    },
    "systemComponent_Feedback_textFeedbackPrompt" : {
      "annotation" : "Prompt shown to user asking them to provide text feedback when they give a rating below threshold.",
      "extensionType" : null,
      "message" : "Un retour ?",
      "trackingId" : "8A9930F5-FF6B-48EE-B761-B9BF843B9555"
    },
    "systemComponent_Feedback_thankYouPrompt" : {
      "annotation" : "It is the prompt shown to the user when transition set by user is not defined in dialog flow.",
      "extensionType" : null,
      "message" : "Nous vous remercions",
      "trackingId" : "9D84E1D6-5B6A-4573-AD62-FCD7D6073145"
    },
    "systemComponent_IncidentCreation_successMessage" : {
      "annotation" : "The message that's shown to users when an incident is created successfully",
      "extensionType" : null,
      "message" : "Incident cree avec succes. Numero d'incident : {0} .",
      "trackingId" : "1E9DE8A2-DB7B-4B1E-BF46-E88F296EB27D"
    },
    "systemComponent_IntelligentAdvisor_answerNotValid" : {
      "annotation" : "Message that's displayed for Intelligent Advisor interview inputs of type Masked when the user's answer doesn't conform to the specified input mask.",
      "extensionType" : null,
      "message" : "La reponse n'est pas dans le bon format. Reessayez.",
      "trackingId" : "C3B9F12F-D793-44BE-97E9-40B605868E29"
    },
    "systemComponent_IntelligentAdvisor_defaultValue" : {
      "annotation" : "Text that's added to a question when the Intelligent Advisor interview input has a default value.",
      "extensionType" : null,
      "message" : "La valeur suggeree est {0}.",
      "trackingId" : "42DDD462-3260-459A-91EE-8F34D2189FAB"
    },
    "systemComponent_IntelligentAdvisor_doneHelp" : {
      "annotation" : "Help message that's displayed for Intelligent Advisor interview inputs of type Upload.",
      "extensionType" : null,
      "message" : "Lorsque vous avez termine le telechargement, dites {0}.",
      "trackingId" : "615D753F-1BC2-4CF2-81F2-8980B39F2B51"
    },
    "systemComponent_IntelligentAdvisor_doneLabel" : {
      "annotation" : "The text that users have to type to indicate that they are done uploading a file.",
      "extensionType" : null,
      "message" : "/finit",
      "trackingId" : "F1FA0A20-E862-4628-B67A-6282BA1BEFDF"
    },
    "systemComponent_IntelligentAdvisor_endLabel" : {
      "annotation" : "The label that is shown in the chat at the end of the interview.",
      "extensionType" : null,
      "message" : "L'entretien est termine",
      "trackingId" : "B2C4CBB9-CD52-4592-B6C6-3BDEBD0C0424"
    },
    "systemComponent_IntelligentAdvisor_exitLabel" : {
      "annotation" : "The text that users have to type to indicate that they want to exit the interview.",
      "extensionType" : null,
      "message" : "/exit",
      "trackingId" : "8A12FDAC-296D-413E-BF92-45E4B9AC37B8"
    },
    "systemComponent_IntelligentAdvisor_explanationAskLabel" : {
      "annotation" : "The question that is asked when showExplanation is set to 'ask'.",
      "extensionType" : null,
      "message" : "Voulez-vous voir l'explication ?",
      "trackingId" : "1F214C48-ED1B-4662-B913-CCB7AF739504"
    },
    "systemComponent_IntelligentAdvisor_maskLabel" : {
      "annotation" : "Text that's added to a question to display the expected format for Intelligent Advisor interview inputs of type Masked Text Box.",
      "extensionType" : null,
      "message" : "Format de la reponse : {0}",
      "trackingId" : "30A3A97F-8BF1-4AE1-90AE-522F876A772E"
    },
    "systemComponent_IntelligentAdvisor_noLabel" : {
      "annotation" : "The label to use to represent Boolean FALSE values.",
      "extensionType" : null,
      "message" : "Non",
      "trackingId" : "6348CFBD-EA97-457C-956D-1269A852AB4B"
    },
    "systemComponent_IntelligentAdvisor_numberMinMax" : {
      "annotation" : "Message that's displayed when the user enters a value outside of the specified range for an Intelligent Advisor interview input of type Slider.",
      "extensionType" : null,
      "message" : "Entrez un nombre entre {0} et {1}.",
      "trackingId" : "FEBFDDC0-2D81-4C24-9CF3-7B1FF31AAC15"
    },
    "systemComponent_IntelligentAdvisor_outOfOrderMessage" : {
      "annotation" : "Error message that's displayed when the user taps a button in a previous Intelligent Advisor interview message.",
      "extensionType" : null,
      "message" : "Vous avez deje repondu e cette question. Pour revenir en arriere et modifier une reponse precedente, dites {0}.",
      "trackingId" : "DFF49C31-F1D5-48CA-9B14-51C1AF5F4B74"
    },
    "systemComponent_IntelligentAdvisor_resetLabel" : {
      "annotation" : "The text that users have to type to indicate that they want to go back to the first question.",
      "extensionType" : null,
      "message" : "/reset",
      "trackingId" : "1FA4158C-40F6-46F9-AC09-A19F3C40BF6F"
    },
    "systemComponent_IntelligentAdvisor_resumeSessionPrompt" : {
      "annotation" : "Question that is asked if the user starts an interview that they had previously left before the interview completed.",
      "extensionType" : null,
      "message" : "Voulez-vous reprendre l'entretien le oe vous l'avez laisse ?",
      "trackingId" : "A17077CE-FFCE-4AE0-9AC4-072658047CE1"
    },
    "systemComponent_IntelligentAdvisor_uncertainLabel" : {
      "annotation" : "The label that appears for optional values and is what the user can type if they don't know the value.",
      "extensionType" : null,
      "message" : "Incertain",
      "trackingId" : "6CAEC9FC-4E2F-4EE9-A424-F176F6A89F93"
    },
    "systemComponent_IntelligentAdvisor_undoLabel" : {
      "annotation" : "The text that users have to type to indicate that they want to go back to the previous question.",
      "extensionType" : null,
      "message" : "/Retour",
      "trackingId" : "27295098-AD81-48E0-9A01-6CA38B07BF40"
    },
    "systemComponent_IntelligentAdvisor_yesLabel" : {
      "annotation" : "The label to use to represent Boolean TRUE values.",
      "extensionType" : null,
      "message" : "Oui",
      "trackingId" : "285792AE-A92E-4B64-86E3-61DB4D88E497"
    },
    "systemComponent_IntelligentAdvisor_yesNoMessage" : {
      "annotation" : "Message that's displayed when the user enters an invalid answer for Intelligent Advisor interview inputs of type Boolean Radio Button.",
      "extensionType" : null,
      "message" : "Entrez {0} ou {1}",
      "trackingId" : "FC2E7501-DCA0-49E6-8D4A-AB19F787216A"
    },
    "systemComponent_Intent_optionsPrompt" : {
      "annotation" : "The prompt shown to the user when there are multiple top intents within the confidence win margin.",
      "extensionType" : null,
      "message" : "Voulez-vous",
      "trackingId" : "1075F765-D0AF-487D-8394-9120204B67EE"
    },
    "systemComponent_Intent_optionsQnaLabel" : {
      "annotation" : "The label of the action in the options (see optionsPrompt) that will take the user to the QnA component to display the matches.",
      "extensionType" : null,
      "message" : "View Answers",
      "trackingId" : "72C4B2ED-31A7-453E-9FAD-E56987F65923"
    },
    "systemComponent_KnowledgeSearch_defaultAttachmentLabel" : {
      "annotation" : "The default label to use for the result card's URL action that is linked with an attachment of the search result if that attachment does not have a display name configured already.",
      "extensionType" : null,
      "message" : "Telecharger",
      "trackingId" : "9958F292-28F5-4C1D-96FA-A2C13FDC673C"
    },
    "systemComponent_KnowledgeSearch_noResultText" : {
      "annotation" : "The text to output when no search result is available.",
      "extensionType" : null,
      "message" : "Desole, aucun resultat n'a ete trouve dans la recherche",
      "trackingId" : "B82F167E-3329-47AA-AB06-0847942490AF"
    },
    "systemComponent_KnowledgeSearch_resultLinkLabel" : {
      "annotation" : "The label to use for the result card's URL action linked to the web version of the knowledge article. If the resultLinkLabel component property is set to an empty or blank string, the card URL is hidden and the card description shows the full article.",
      "extensionType" : null,
      "message" : "Voir les details",
      "trackingId" : "25F6F7BB-53C6-464E-9AA0-78054185C325"
    },
    "systemComponent_KnowledgeSearch_searchLinkLabel" : {
      "annotation" : "For B2C, the label to use for the card message payload action that's linked to the web page with the full search result list. For B2B, the label to use for the card message payload action that's linked to the home search page.",
      "extensionType" : null,
      "message" : "Ouvrir la page avec toutes les reponses",
      "trackingId" : "5FBA0E3C-8634-4B6C-83D3-7D62387FC2E5"
    },
    "systemComponent_KnowledgeSearch_searchPrelude" : {
      "annotation" : "The text to output before the search result is displayed.",
      "extensionType" : null,
      "message" : "Voici ce que j'ai trouve :",
      "trackingId" : "DA6EC849-08EC-45E4-8392-84A52CCD0DDC"
    },
    "systemComponent_OAuth2AccountLink_cancelLabel" : {
      "annotation" : "The label for the cancel button that lets users leave the state without invoking the authentication dialog.",
      "extensionType" : null,
      "message" : "Annuler",
      "trackingId" : "A2E7C680-D2BC-4703-B9E9-C78B377FB706"
    },
    "systemComponent_OAuth2AccountLink_consentNeverFinalConfirmationNoLabel" : {
      "annotation" : "The label for the final confirmation prompt no button that lets users whitelist their account permanently from being associated with a unified identity.",
      "extensionType" : null,
      "message" : "Annuler",
      "trackingId" : "59BA28E8-D7D3-4332-8725-F8400C650BF8"
    },
    "systemComponent_OAuth2AccountLink_consentNeverFinalConfirmationPrompt" : {
      "annotation" : "The message that asks users to confirm if they want to proceed with whitelisting their account permanently from being associated with a unified identity.",
      "extensionType" : null,
      "message" : "Veuillez confirmer que ce compte doit etre inscrit sur la liste authorisee et qu'il ne doit jamais etre associe e votre identite unifiee.",
      "trackingId" : "9D7BE264-579C-4D85-85A4-44F0341C4DA8"
    },
    "systemComponent_OAuth2AccountLink_consentNeverFinalConfirmationYesLabel" : {
      "annotation" : "The label for the final confirmation prompt yes button that lets users whitelist their account permanently from being associated with a unified identity.",
      "extensionType" : null,
      "message" : "Confirmer",
      "trackingId" : "CC520938-BBA1-42F9-B68F-4E1003ABE6C4"
    },
    "systemComponent_OAuth2AccountLink_consentNeverFinalPrompt" : {
      "annotation" : "The message that tells users that their account has been whitelisted permanently and will never be linked to a unified identity.",
      "extensionType" : null,
      "message" : "Ce {0} compte de canal {1} a ete mis sur liste blanche et ne sera pas du tout associe e votre utilisateur unifie. Si vous changez d'avis, veuillez contacter votre administrateur systeme.",
      "trackingId" : "9EE19121-826E-4171-8B78-8D337D4E0080"
    },
    "systemComponent_OAuth2AccountLink_consentNeverLabel" : {
      "annotation" : "The label for the Never button that lets users permanently decline associating their channel to a unified identity after authentication.",
      "extensionType" : null,
      "message" : "Ne jamais lier ce compte",
      "trackingId" : "7FF577BD-7A4E-4694-848B-258D7AE5797B"
    },
    "systemComponent_OAuth2AccountLink_consentNotNowFinalPrompt" : {
      "annotation" : "The message that tells users  that they have temporarily declined associating their channel to a unified identity.",
      "extensionType" : null,
      "message" : "Ce compte de canal {0} {1} ne sera pas associe e votre utilisateur unifie pour le moment.",
      "trackingId" : "8600202D-0D02-4F85-AB49-9DA4878A7B85"
    },
    "systemComponent_OAuth2AccountLink_consentNotNowLabel" : {
      "annotation" : "The label for the Not Now button that lets users temporarily decline associating their channel to a unified identity after authentication.",
      "extensionType" : null,
      "message" : "Pas pour le moment",
      "trackingId" : "B707A5CA-074F-4369-88E5-2D64B7435818"
    },
    "systemComponent_OAuth2AccountLink_consentNotifyPrompt" : {
      "annotation" : "The message that informs users that their channel identity will be associated with the authenticated user identity.",
      "extensionType" : null,
      "message" : "Le compte de canal {0} {1} est maintenant associe e votre utilisateur unifie.",
      "trackingId" : "837CECCE-ACBF-410F-B444-3EB8D230EE4D"
    },
    "systemComponent_OAuth2AccountLink_consentPrompt" : {
      "annotation" : "The message that tells users to choose if they consent to associate their channel identity with the authenticated user identity.",
      "extensionType" : null,
      "message" : "Souhaitez-vous lier ce compte e votre liste de comptes d'utilisateurs afin d'activer un utilisateur unifie cross-canal ?",
      "trackingId" : "12128E45-41E9-435C-B5D6-EF7BFD446797"
    },
    "systemComponent_OAuth2AccountLink_consentYesLabel" : {
      "annotation" : "The label for the Yes button that lets users associate their channel to a unified identity after authentication.",
      "extensionType" : null,
      "message" : "Associer le compte",
      "trackingId" : "56AEEC7A-6318-4F11-830D-8789FF9A34D1"
    },
    "systemComponent_OAuth2AccountLink_linkLabel" : {
      "annotation" : "The label for the button that invokes the authentication dialog.",
      "extensionType" : null,
      "message" : "Obtenir un jeton d'acces",
      "trackingId" : "B7AC6ECA-B93B-41AE-884B-CFE060827CEF"
    },
    "systemComponent_OAuth2AccountLink_prompt" : {
      "annotation" : "The message that tells users to sign in now.",
      "extensionType" : null,
      "message" : "Veuillez vous connecter",
      "trackingId" : "97A01F94-1FFC-4680-B2C7-16004C86530E"
    },
    "systemComponent_OAuthAccountLink_cancelLabel" : {
      "annotation" : "The label for the cancel button that lets users leave the state without invoking the authentication dialog.",
      "extensionType" : null,
      "message" : "Annuler",
      "trackingId" : "8FA3D41B-8965-4F35-8BD8-51D500414684"
    },
    "systemComponent_OAuthAccountLink_linkLabel" : {
      "annotation" : "The label for the button that invokes the authentication dialog.",
      "extensionType" : null,
      "message" : "Se connecter",
      "trackingId" : "813BE093-F7C7-4E8C-8653-D0AD96109BD9"
    },
    "systemComponent_OAuthAccountLink_prompt" : {
      "annotation" : "The message that tells users to sign in now.",
      "extensionType" : null,
      "message" : "Veuillez cliquer sur le lien pour continuer",
      "trackingId" : "77534F57-7E7F-4ADD-98A2-DFBA64175F29"
    },
    "systemComponent_QnA_answersLabel" : {
      "annotation" : "The label for the action to view answers in a particular category.",
      "extensionType" : null,
      "message" : "Answers",
      "trackingId" : "A063DCA8-186E-4ADA-A0B3-0AC43AF8803B"
    },
    "systemComponent_QnA_categoriesLabel" : {
      "annotation" : "The label for the action to display the categories that match the user utterance.",
      "extensionType" : null,
      "message" : "Categories",
      "trackingId" : "98089E5B-3316-4A84-97BD-7622F5BA0DFF"
    },
    "systemComponent_QnA_exitLabel" : {
      "annotation" : "The label for the exit questions action.",
      "extensionType" : null,
      "message" : "Exit Questions",
      "trackingId" : "A3AA95F9-BFF9-442E-B2D7-95F349C70169"
    },
    "systemComponent_QnA_moreAnswersLabel" : {
      "annotation" : "The label for the action to paginate to next set of answers.",
      "extensionType" : null,
      "message" : "More Answers",
      "trackingId" : "3F8913AB-E6F7-44F6-A44D-A4948F24D990"
    },
    "systemComponent_QnA_moreCategoriesLabel" : {
      "annotation" : "The label for the action to paginate to next set of categories.",
      "extensionType" : null,
      "message" : "More Categories",
      "trackingId" : "200C0C5B-F547-4D5F-A350-E34B8E14C301"
    },
    "systemComponent_QnA_subCategoriesLabel" : {
      "annotation" : "The label for the action to display sub-categories within a given category.",
      "extensionType" : null,
      "message" : "Sub-Categories",
      "trackingId" : "8A30729C-FA55-4A5D-831A-A1E8E49AF8B9"
    },
    "systemComponent_QnA_viewAnswerLabel" : {
      "annotation" : "The label for the action to view answer details.",
      "extensionType" : null,
      "message" : "View",
      "trackingId" : "89B97650-B508-4DB2-A4A8-92A62C2426AC"
    },
    "systemComponent_ResolveEntities_bagItemsDisambiguationPrompt" : {
      "annotation" : "The prompt used for disambiguation if an entity match applies to more than one composite bag item.",
      "extensionType" : null,
      "message" : "Quel element voulez-vous mettre e ''{0}'' ?",
      "trackingId" : "E455F8D8-4E14-45ED-B2D1-32C08CD3D473"
    },
    "systemComponent_ResolveEntities_defaultDisambiguationPrompt" : {
      "annotation" : "Default message shown when the user entered ambiguous input causing multiple entity matches.",
      "extensionType" : null,
      "message" : "Veuillez selectionner une valeur pour {0}",
      "trackingId" : "6527FFC7-00B8-4D11-A919-D6A52F001A69"
    },
    "systemComponent_ResolveEntities_defaultPrompt" : {
      "annotation" : "Default message shown to prompt the user for input.",
      "extensionType" : null,
      "message" : "Veuillez saisir {0}",
      "trackingId" : "9F7C8E94-3394-49A2-A27C-0E18D34AB8FC"
    },
    "systemComponent_ResolveEntities_showMoreLabel" : {
      "annotation" : "The label used for the forward pagination button when the number of enumeration values, or disambiguation matches exceeds the 'Enumeration Range Size' property of the composite bag item.",
      "extensionType" : null,
      "message" : "Voir plus",
      "trackingId" : "F98A3221-A4E2-4A83-B193-D3DC7AB8C6C0"
    },
    "systemComponent_ResolveEntities_showPreviousLabel" : {
      "annotation" : "The label used for the backward pagination button when the number of enumeration values, or disambiguation matches exceeds the 'Enumeration Range Size' property of the composite bag item.",
      "extensionType" : null,
      "message" : "Montrer precedent",
      "trackingId" : "DD7096EF-BD30-46D2-B570-D0C7390E8288"
    },
    "systemComponent_SelectCalendarEvent_acceptedLabel" : {
      "annotation" : "The text used to indicate that the invite was accepted.",
      "extensionType" : null,
      "message" : "Accepte",
      "trackingId" : "67970AFD-3839-4B3B-918A-C9721C1D3045"
    },
    "systemComponent_SelectCalendarEvent_allDayLabel" : {
      "annotation" : "The text used to indicate all-day events.",
      "extensionType" : null,
      "message" : "Tous les jours",
      "trackingId" : "6A905AB3-48CF-4664-872E-6264F3ADC4F0"
    },
    "systemComponent_SelectCalendarEvent_declinedLabel" : {
      "annotation" : "The text used to indicate that the invite was declined.",
      "extensionType" : null,
      "message" : "Refuse",
      "trackingId" : "65F35A4C-D970-48FD-A830-BE58A5B60A0B"
    },
    "systemComponent_SelectCalendarEvent_pendingLabel" : {
      "annotation" : "The text used to indicate that the invite status is still pending.",
      "extensionType" : null,
      "message" : "En attente",
      "trackingId" : "AC6BD388-1DBA-4960-8225-D16D7AF36993"
    },
    "systemComponent_SelectCalendarEvent_prompt" : {
      "annotation" : "The text that appears before the list of events.",
      "extensionType" : null,
      "message" : "Vous avez la (les) reunion(s) suivante(s) :",
      "trackingId" : "EFA15EBF-F71F-43D4-B9E1-89C38A2459DB"
    },
    "systemComponent_SelectCalendarEvent_recurringLabel" : {
      "annotation" : "The text used to indicate recurring events.",
      "extensionType" : null,
      "message" : "Recurrente",
      "trackingId" : "CE7F3F65-4B70-411C-AE43-9773C4A0DE7B"
    },
    "systemComponent_SelectCalendarEvent_tentativeLabel" : {
      "annotation" : "The text used to indicate that the invite was tentatively accepted.",
      "extensionType" : null,
      "message" : "provisoire",
      "trackingId" : "E942A15E-7FAE-4988-ABAE-8AF8416FC34C"
    },
    "systemComponent_Webview_cancelLabel" : {
      "annotation" : "The label of the cancel button to leave this state without invoking the webview.",
      "extensionType" : null,
      "message" : "Annuler",
      "trackingId" : "C257F5D2-F3BE-46C9-B8D8-5876E2EBD689"
    },
    "systemComponent_Webview_linkLabel" : {
      "annotation" : "The label of the button to invoke the webview.",
      "extensionType" : null,
      "message" : "Tapez sur le lien pour continuer",
      "trackingId" : "BB2A0489-D4A8-42AE-AAE7-31459C272278"
    },
    "systemComponent_Webview_prompt" : {
      "annotation" : "The message for the user to tap on the link to invoke the webview.",
      "extensionType" : null,
      "message" : "Veuillez cliquer sur le lien pour continuer",
      "trackingId" : "E2495FCC-584A-4732-9787-9D8B0DAF859A"
    },
    "systemConfiguration_SQLIntent_authFailedMessage" : {
      "annotation" : "Your query requires authorization from DB but failed.",
      "extensionType" : null,
      "message" : "echec de l'authentification",
      "trackingId" : "9CD971A4-62E8-4DCD-BA03-264F47162EAE"
    },
    "systemConfiguration_SQLIntent_interpretationMessage" : {
      "annotation" : "The message shows SQL intent query interpretation for user's input message.",
      "extensionType" : null,
      "message" : "Je pense que vous voulez voir : {0}",
      "trackingId" : "F41565A5-87F4-411F-89D3-EA532C652C45"
    },
    "systemConfiguration_SQLIntent_noResultMessage" : {
      "annotation" : "The message displayed when SQL intent query returns no result.",
      "extensionType" : null,
      "message" : "Aucun resultat trouve",
      "trackingId" : "C4036646-0A3F-4D84-92AF-F36F39EA0A24"
    },
    "systemConfiguration_autoNumberPrefixSeparator" : {
      "annotation" : "The separator used between the number prefix and the postback action label.",
      "extensionType" : null,
      "message" : ".",
      "trackingId" : "05C4D25A-4AE4-4C94-B04A-86E17FF3EA56"
    },
    "systemConfiguration_autoNumberPrefixes" : {
      "annotation" : "The prefixes used for auto-numbering postback action labels.",
      "extensionType" : null,
      "message" : "1,2,3,4,5,6,7,8,9,10,11,12,13,14,15,16,17,18,19,20",
      "trackingId" : "25825038-0426-403F-8550-A029734F358F"
    },
    "systemConfiguration_conversationHistoryActionInvalidPrompt" : {
      "annotation" : "Message to display when a user clicks on a choice in the conversation history that can no longer be processed.",
      "extensionType" : null,
      "message" : "Desole, ce choix n'est plus disponible.",
      "trackingId" : "BB679617-D6E0-4353-9BF1-3587D80760F0"
    },
    "systemConfiguration_errorExpiredSessionPrompt" : {
      "annotation" : "The message when the session has expired.",
      "extensionType" : null,
      "message" : "Votre session a expire.  Veuillez recommencer.",
      "trackingId" : "A8FBE6A1-8623-4162-A650-0D269D3A3093"
    },
    "systemConfiguration_errorMaxStatesExceededPrompt" : {
      "annotation" : "The message when the bot appears to be in an infinite loop.",
      "extensionType" : null,
      "message" : "Votre session semble etre dans une boucle infinie.",
      "trackingId" : "A0B6DE8F-4985-4EA0-8056-1C38A12B536F"
    },
    "systemConfiguration_errorUnexpectedErrorPrompt" : {
      "annotation" : "The message when there is an unexpected error.",
      "extensionType" : null,
      "message" : "Oups, je rencontre un probleme. Veuillez reessayer plus tard...",
      "trackingId" : "E478028F-7DE6-4534-A859-17A847660AEB"
    },
    "systemConfiguration_feedbackConfirmationNegative" : {
      "annotation" : "Confirmation message shown to the user when negative feedback has been provided.",
      "extensionType" : null,
      "message" : "Merci pour vos commentaires, je suis desole que la reponse n'ait pas ete utile, je vais essayer de m'ameliorer !",
      "trackingId" : "4B86324F-7485-40F2-AA6B-C4074A4CBAC1"
    },
    "systemConfiguration_feedbackConfirmationPositive" : {
      "annotation" : "Message shown to the user when positive feedback has been provided.",
      "extensionType" : null,
      "message" : "Je vous remercie pour vos commentaires.",
      "trackingId" : "FA822346-5AB4-4771-A04E-53A09601AE58"
    },
    "systemConfiguration_feedbackPrompt" : {
      "annotation" : "Prompt used to solicit user feedback for a message shown to the user.",
      "extensionType" : null,
      "message" : "Cette reponse est-elle utile ?",
      "trackingId" : "D272D44E-F976-4287-ACAF-C78503ABCA99"
    },
    "systemConfiguration_internalWelcomeMessage" : {
      "annotation" : "The internal message sent to the skill when a channel handles the event that a new user has gotten access to the skill. The reply to the internal message is sent as welcome message to the new user.",
      "extensionType" : null,
      "message" : "Aidez-nous",
      "trackingId" : "9C1FB337-56EC-492B-B74B-E24F9C36AF4C"
    },
    "systemConfiguration_noLabel" : {
      "annotation" : "The label for the answer 'no'.",
      "extensionType" : null,
      "message" : "Non",
      "trackingId" : "E024D0C0-518C-4C36-A856-BACD7DA7D3F3"
    },
    "systemConfiguration_oauthCancelPrompt" : {
      "annotation" : "The message when OAuth authorization is canceled.",
      "extensionType" : null,
      "message" : "Authentification annulee.",
      "trackingId" : "A8543D8B-5605-4C5C-B30C-3F081A8EB48A"
    },
    "systemConfiguration_oauthSuccessPrompt" : {
      "annotation" : "The message when OAuth authorization succeeds.",
      "extensionType" : null,
      "message" : "Authentification reussie ! Vous pouvez reprendre la conversation.",
      "trackingId" : "0859545B-C7D5-471C-9049-058B2758D927"
    },
    "systemConfiguration_openLinkLabel" : {
      "annotation" : "The default label for a link.",
      "extensionType" : null,
      "message" : "Ouvrir le lien",
      "trackingId" : "C131C309-A125-4B27-89BB-D18D037A2F4E"
    },
    "systemConfiguration_paginationShowNext" : {
      "annotation" : "Pagination button label to show the next set of items.",
      "extensionType" : null,
      "message" : "Articles suivants {0}",
      "trackingId" : "B972FDCB-85B5-4F6E-9C74-B686FA772CF1"
    },
    "systemConfiguration_paginationStatus" : {
      "annotation" : "Information about current set of items displayed that are part of a larger set.",
      "extensionType" : null,
      "message" : "Afficher {0}-{1} de {2} elem",
      "trackingId" : "A4C0FE21-C514-4D0D-90C3-1937D550A8B3"
    },
    "systemConfiguration_yesLabel" : {
      "annotation" : "The label for the answer 'yes'.",
      "extensionType" : null,
      "message" : "Oui",
      "trackingId" : "6EDF30FD-537A-4427-8D62-71F3BD521546"
    },
    "systemFlowName_QnA.ans.Chabtbot" : {
      "annotation" : null,
      "extensionType" : null,
      "message" : "C'est quoi un chatbot ?",
      "trackingId" : "57C164E6-DF74-402D-A2C9-E8494E53657D"
    },
    "systemFlowName_QnA.ans.Commencer" : {
      "annotation" : null,
      "extensionType" : null,
      "message" : "L'envers du décor, c'est quoi ce délire 🧐",
      "trackingId" : "66F7DEAC-AEB4-4245-A264-C5562DBF8385"
    },
    "systemFlowName_QnA.ans.Film1Construit" : {
      "annotation" : null,
      "extensionType" : null,
      "message" : "Entièrement construit pour le film 🛠",
      "trackingId" : "9CD20C40-90EE-49B8-BC6B-4F3A336DFB09"
    },
    "systemFlowName_QnA.ans.Film1Ordinateur" : {
      "annotation" : null,
      "extensionType" : null,
      "message" : "Réalisé par ordinateur ! 💻",
      "trackingId" : "A267A0BC-D3DC-43EF-A868-364CDA11BC96"
    },
    "systemFlowName_QnA.ans.Film2Artificiel" : {
      "annotation" : null,
      "extensionType" : null,
      "message" : "Façade artificelle 😁",
      "trackingId" : "F3B0612B-0AAC-42EE-B0D2-9F563AE4459D"
    },
    "systemFlowName_QnA.ans.Film2Vrai" : {
      "annotation" : null,
      "extensionType" : null,
      "message" : "C'est un bâtiment 🏩 ",
      "trackingId" : "A4102951-887A-44F1-9831-3257BF6B9EDA"
    },
    "systemFlowName_QnA.ans.Film3GothiqueAnglais" : {
      "annotation" : null,
      "extensionType" : null,
      "message" : "Du style gothique anglais 💪",
      "trackingId" : "46A4BBA7-6FED-4DD6-AB0D-5CFF4EBFA383"
    },
    "systemFlowName_QnA.ans.Film3NewYork" : {
      "annotation" : null,
      "extensionType" : null,
      "message" : "New-York en particulier !",
      "trackingId" : "44BB8B0C-CCCE-48AD-9C42-A1F226FC78FB"
    },
    "systemFlowName_QnA.ans.Film4Tatouine" : {
      "annotation" : null,
      "extensionType" : null,
      "message" : "Planète Tatouine",
      "trackingId" : "97E28128-F93B-438A-AF0D-5C852E9B5CAD"
    },
    "systemFlowName_QnA.ans.Film4VillagesPrehistorique" : {
      "annotation" : null,
      "extensionType" : null,
      "message" : "De villages préhistoriques",
      "trackingId" : "B68ADE11-79D0-40AF-9252-6A4F8B53E433"
    },
    "systemFlowName_QnA.ans.Film5Studio" : {
      "annotation" : null,
      "extensionType" : null,
      "message" : "Maquettes de studio ou 3D 🎬",
      "trackingId" : "7D0AB203-58EE-484D-BBCE-4D6A042398E4"
    },
    "systemFlowName_QnA.ans.Film5Tunisie" : {
      "annotation" : null,
      "extensionType" : null,
      "message" : "Des villes en Tunisie 🇹🇳",
      "trackingId" : "2763464A-63DA-415B-BFBB-96DCD60B8439"
    },
    "systemFlowName_QnA.ans.Film6Passionne" : {
      "annotation" : null,
      "extensionType" : null,
      "message" : "La maison d'un passionné de 👽🌌",
      "trackingId" : "5D6F6EE1-BA1C-4AAF-B75F-8B48B9489DFD"
    },
    "systemFlowName_QnA.ans.Film6Vaisseau" : {
      "annotation" : null,
      "extensionType" : null,
      "message" : "Maquette d'un vaisseau 🚀",
      "trackingId" : "C2CCC39B-9575-4E6C-88D1-1A0A531D753A"
    },
    "systemFlowName_QnA.ans.Film7Sorciere" : {
      "annotation" : null,
      "extensionType" : null,
      "message" : "Réalisé par ordinateur, les 🧙n’existent pas !",
      "trackingId" : "65B85073-0369-4FE2-9923-D237A66A6EF6"
    },
    "systemFlowName_QnA.ans.Film7Train" : {
      "annotation" : null,
      "extensionType" : null,
      "message" : "Réel pour de vrai trains 🛠",
      "trackingId" : "52D0FACF-995F-40DF-AF4D-D9B37EA8D9F8"
    },
    "systemFlowName_QnA.ans.FilmBonusHollywood" : {
      "annotation" : null,
      "extensionType" : null,
      "message" : "Aux Studios Hollywood  🎞 ",
      "trackingId" : "452A4E87-41CD-4E4C-BFF6-018E506E1DAC"
    },
    "systemFlowName_QnA.ans.FilmBonusParis" : {
      "annotation" : null,
      "extensionType" : null,
      "message" : "Près de Paris 🇫🇷 !!",
      "trackingId" : "E0C1D920-DEC7-4471-83FD-AEEE3F3CF8DE"
    },
    "systemFlowName_z.Film1" : {
      "annotation" : null,
      "extensionType" : null,
      "message" : "z.Film1",
      "trackingId" : "13FECB6B-F4B6-4FB0-ADFF-8BD5BAD5E8B8"
    },
    "systemFlowName_z.Film2" : {
      "annotation" : null,
      "extensionType" : null,
      "message" : "z.Film2",
      "trackingId" : "FFB76A89-39A8-4AE5-B4FF-F6415229744F"
    },
    "systemFlowName_z.Film3" : {
      "annotation" : null,
      "extensionType" : null,
      "message" : "z.Film3",
      "trackingId" : "DCA01579-A71F-4AD1-8071-4D3E938A9304"
    },
    "systemFlowName_z.Film4" : {
      "annotation" : null,
      "extensionType" : null,
      "message" : "z.Film4",
      "trackingId" : "8BF13137-76F4-47F8-889C-FDC0E446777C"
    },
    "systemFlowName_z.Film5" : {
      "annotation" : null,
      "extensionType" : null,
      "message" : "z.Film5",
      "trackingId" : "A485798F-7296-4432-9635-625513BD2D39"
    },
    "systemFlowName_z.Film7" : {
      "annotation" : null,
      "extensionType" : null,
      "message" : "z.Film7",
      "trackingId" : "C35806EF-AB8C-4BF4-8773-49B829BC3CC3"
    },
    "systemFlowName_z.FilmBonus" : {
      "annotation" : null,
      "extensionType" : null,
      "message" : "z.FilmBonus",
      "trackingId" : "ED019B78-8308-41ED-8830-C3B78DD24DC4"
    },
    "systemFlowName_z.Menu" : {
      "annotation" : null,
      "extensionType" : null,
      "message" : "z.Menu",
      "trackingId" : "C0028CEA-6B27-4027-A0CC-534F7960FF1C"
    },
    "systemFlowName_z.Welcome" : {
      "annotation" : null,
      "extensionType" : null,
      "message" : "z.Welcome",
      "trackingId" : "F0DFD5ED-A6CF-41DF-A2B7-E264DC4AF689"
    },
    "systemFlowName_z.film6" : {
      "annotation" : null,
      "extensionType" : null,
      "message" : "z.film6",
      "trackingId" : "9244B1E8-21C9-4F9B-8288-93AE05EE46F5"
    },
    "unresolvedIntent" : {
      "annotation" : "No translation! The unresolved message will not be displayed in the FAQ because unresolved intents are displayed in the unresolvedIntent flow",
      "extensionType" : null,
      "message" : "Non utilise",
      "trackingId" : "A0A39A52-EA39-41C6-81B4-13A025948E52"
    },
    "z.Film1ImageURL" : {
      "annotation" : null,
      "extensionType" : null,
      "message" : "https://static.cnews.fr/sites/default/files/hillvalley2015.jpg",
      "trackingId" : "FC5C3936-10C9-41EC-850C-41C406230ED7"
    },
    "z.Film2ImageURL" : {
      "annotation" : null,
      "extensionType" : null,
      "message" : "https://www.stirworld.com/images/article_gallery/the-grand-budapest-hotel-film-by-wes-anderson-stirworld-200731033610.jpg",
      "trackingId" : "FC2D141C-4A64-48BB-87A0-D87688F3291F"
    },
    "z.Film2ResponseImageURL" : {
      "annotation" : null,
      "extensionType" : null,
      "message" : "https://cdn.shopify.com/s/files/1/0550/8297/5365/files/Budapest_1_480x480.png?v=1687144234",
      "trackingId" : "17296BA4-BEB8-4FF4-B828-D3D77BB0A101"
    },
    "z.Film3ImageURL" : {
      "annotation" : "https://github.com/schardon/oda-demo-main/blob/main/images/Film3Batman.jpg",
      "extensionType" : null,
      "message" : "https://www.digitaltrends.com/wp-content/uploads/2022/10/Batman-Arkham-Knight-Gotham-City.jpg?p=1\n",
      "trackingId" : "4438DDD1-BAF6-41A9-B113-0A11413B26F4"
    },
    "z.Film4ImageURL" : {
      "annotation" : "https://github.com/schardon/oda-demo-main/blob/main/images/Film4Main_PlaneteSinge.jpg",
      "extensionType" : null,
      "message" : "https://papyblues.com/wp-content/uploads/2017/05/singevillagedessinges.jpg\n",
      "trackingId" : "FCE68794-3A02-4829-A515-B807CFF4A471"
    },
    "z.Film4ResponseImageURL" : {
      "annotation" : null,
      "extensionType" : null,
      "message" : "https://github.com/schardon/oda-demo-main/blob/main/images/Film4Reponse_Tatouine.jpg",
      "trackingId" : "53A37710-5E1E-4101-A260-72BF286F606B"
    },
    "z.Film5ImageURL" : {
      "annotation" : "https://github.com/schardon/oda-demo-main/blob/main/images/Film5StarWars.jpg",
      "extensionType" : null,
      "message" : "https://media.cnn.com/api/v1/images/stellar/prod/131017155144-star-wars-sahara-7.jpg?q=w_1686,h_944,x_0,y_0,c_fill/h_618",
      "trackingId" : "0525EF4A-8A3B-4ADB-93C9-4C4694322C22"
    },
    "z.Film6ImageURL" : {
      "annotation" : null,
      "extensionType" : null,
      "message" : "https://1.bp.blogspot.com/-AYhdbOZQkIw/VEKvQWJpdII/AAAAAAAANrs/Kerma-fMWQc/s1600/021-1.jpg",
      "trackingId" : "D57996B0-1866-473E-8E8F-AD6F3FAAAE9C"
    },
    "z.Film7ImageURL" : {
      "annotation" : null,
      "extensionType" : null,
      "message" : "https://www.civitatis.com/blog/wp-content/uploads/2022/08/tren-hogwarts-express-harry-potter.jpg",
      "trackingId" : "4797518D-BA20-4621-B5C0-0BFBE3EF2156"
    },
    "z.FilmBonusImageURL" : {
      "annotation" : null,
      "extensionType" : null,
      "message" : "https://cloudfront-eu-central-1.images.arcpublishing.com/leparisien/QULYXMKCE5GGHMVPEDPZHJVQPU.jpg",
      "trackingId" : "19FC917C-FF34-4C33-B6EC-49D837B631F4"
    },
    "z.FilmBonusRespImageURL" : {
      "annotation" : null,
      "extensionType" : null,
      "message" : "https://github.com/schardon/oda-demo-main/blob/main/images/FilmBonusResponse.jpg",
      "trackingId" : "EE0586E7-DD20-439E-8510-E5DDEF01425F"
    },
    "z.MenuFilm1" : {
      "annotation" : null,
      "extensionType" : null,
      "message" : "🚀 Film1 \"Retour vers le futur\" de Robert Zemeckis. Voici l e décor de Hill Valley, ville de Californie où vivent les personnages de la trilogie Retour vers le futur. D'après toi ce décor est... ?\n•\tEntièrement construit pour le film 🛠\n•\tRéalisé par ordinateur ! 💻\n\n",
      "trackingId" : "F6048CCB-DED2-47F6-91DF-0CD67F65874D"
    },
    "z.MenuFilm2" : {
      "annotation" : null,
      "extensionType" : null,
      "message" : "🚀 Film 2  \"The Grand Budapest Hotel\" de Wes Anderson (2013). D'après toi cet hôtel existe réellement ou c'est une maquette ?\n•\tFaçade artificielle 😁\n•\tC'est un bâtiment 🏩\n\n",
      "trackingId" : "25993E46-AAA7-4F4B-9C8D-9986ADE19A1C"
    },
    "z.MenuFilm3" : {
      "annotation" : null,
      "extensionType" : null,
      "message" : "🚀 Film 3 “Batman” de Tim Burton (1989)\nLa grande ville de Gotham City 🏙️ s'inspire...\n- Du style gothique anglais 💪\n- New-York en particulier !\n\n",
      "trackingId" : "B0603AF7-3404-4028-BD27-589E02348F49"
    },
    "z.MenuFilm4" : {
      "annotation" : null,
      "extensionType" : null,
      "message" : "🚀 Film4 \"Planète des singes\" de Franklin Schaffner (1968)\nD'après toi, le décor s'inspire...\n•\tPlanète Tatouine dans Star Wars  \n•\tDe villages préhistoriques\n",
      "trackingId" : "E3612013-D993-47B8-869B-9A7A65BB8BC5"
    },
    "z.MenuFilm5" : {
      "annotation" : null,
      "extensionType" : null,
      "message" : "🚀 Film 5- La Saga de “Star Wars” ⚫⚔️\nQue se cache derrière la planète Tatooine .... \n•\tDes villes en Tunisie 🇹🇳\n•\tMaquettes de studio ou 3D 🎬\n",
      "trackingId" : "C43646DF-3B6E-4B6B-8CAF-E382BDA54FFE"
    },
    "z.MenuFilm6" : {
      "annotation" : null,
      "extensionType" : null,
      "message" : "🚀 Film 6, D'après toi, cette étrange construction c'est quoi ...\n•\tLa maison d'un passionné de 👽🌌\n•\tMaquette d'un vaisseau 🚀",
      "trackingId" : "EA03AFB8-9C59-4715-924E-F7B6C5FBF972"
    },
    "z.MenuFilm7" : {
      "annotation" : null,
      "extensionType" : null,
      "message" : "🚀 Film 7 dans \"Harry Potter et la chambre des secrets\" de Chris Columbus (2003). D'après toi ce viaduc est... ?\n•\tRéalisé par ordinateur, les 🧙n’existent pas !\n•\tRéel pour de vrai trains 🛠\n",
      "trackingId" : "4AB6A50B-3E33-428D-8F34-18B1C20CE7CF"
    },
    "z.MenuFilmBonus" : {
      "annotation" : null,
      "extensionType" : null,
      "message" : "🚀 Film Bonus , La cité futuriste de cette scène de la saga d'Hunger Games (2012 - 2015) 🏹  se trouve :\n•\tPrès de Paris  🇫🇷 !!\n•\tAux Studios Hollywood  🎞 \n\n\n",
      "trackingId" : "FB4F701B-E7B1-4C0E-814D-06060B74AA1E"
    },
    "z.MenuOptions" : {
      "annotation" : null,
      "extensionType" : null,
      "message" : "Tu peux choisir parmi les réponses suivantes :",
      "trackingId" : "D3029E63-1363-4A4D-9144-742BB6019503"
    },
    "z.Welcome" : {
      "annotation" : null,
      "extensionType" : null,
      "message" : "Bienvenue, je suis FilmBot, un chatbot qui a pour mission de faire un atelier interactif afin de découvrir l’envers du décors 🏛️ à travers le cinéma 🎥 !\nIl dure une vingtaine de minutes 🚀 et tu pourras si tu le souhaites ensuite réaliser un quizz\n",
      "trackingId" : "5526FC0D-4300-4628-B45C-8E0688820BB1"
    },
    "z.WelcomeImageURL" : {
      "annotation" : "https://www.trompe-l-oeil.info/Trompeloeil/data/media/219/Cannes-cinema00.jpg",
      "extensionType" : null,
      "message" : "https://assets.gocity.com/files/ufrfmb316/files/styles/crop_freeform/public/plateau-shutterstock_1793707363.jpg\n\n",
      "trackingId" : "E28193CC-DB34-4C40-A04C-756EE27FCF7A"
    },
    "z.cbe.AnswerCarouselNER.CarouselPrompt.ErrorMessage" : {
      "annotation" : "Message is shown when users selects an answer card by a positional index that does not exist. Say the user sends a message \"select fifth\" card or just types 5 and there is no fifth card.",
      "extensionType" : null,
      "message" : "La position de l'index que vous m'avez donnee pour selectionner l'une des cartes-reponses affichees n'est pas valide.",
      "trackingId" : "43BB3850-9406-4345-B97D-3CFC9AD797E8"
    },
    "z.cbe.AnswerCarouselNER.CarouselPrompt.Prompt1" : {
      "annotation" : null,
      "extensionType" : null,
      "message" : "Voici une liste de reponses correspondant a votre question. Vous pouvez selectionner une reponse a afficher en tapant sur son bouton ou en m'envoyant un message a l'aide du numero d'index figurant sur le bouton. Vous pouvez egalement poser une autre question.",
      "trackingId" : "6FBDD428-E44A-4CB7-B70D-7F911B1E13EE"
    },
    "z.cbe.AnswerCarouselNER.CarouselPrompt.Prompt2" : {
      "annotation" : null,
      "extensionType" : null,
      "message" : "Les reponses suivantes correspondent a votre question. Vous pouvez selectionner une reponse a afficher en appuyant sur le bouton correspondant ou en m'envoyant un message avec le numero d'index du bouton. Ou vous me posez une autre question. J'attends.",
      "trackingId" : "6D608E87-609C-4F93-BFE5-5F394F1AC6D4"
    },
    "z.cbe.AnswerCarouselNER.CarouselPrompt.Prompt3" : {
      "annotation" : null,
      "extensionType" : null,
      "message" : "Voici quelques reponses qui correspondent a votre question. Pour afficher une reponse, appuyez sur le bouton associe ou envoyez-moi un message avec le numero d'index du bouton. Si vous etes deja satisfait de ce que j'ai fourni, peut-etre voudrez-vous me poser une autre question.",
      "trackingId" : "A9211C29-77FE-4DE7-B731-B28F36EED066"
    },
    "z.displayTopAnswer.moreButton.keywords" : {
      "annotation" : null,
      "extensionType" : null,
      "message" : "Reponses associees",
      "trackingId" : "E7B97D86-53EB-4897-ACD1-EE6B4FCF7809"
    },
    "z.displayTopAnswer.moreButton.label" : {
      "annotation" : null,
      "extensionType" : null,
      "message" : "Reponses associees",
      "trackingId" : "C581FDA7-8D7E-41AC-B002-1FC91C3C453E"
    },
    "z.eeh.answerCarousel.buttons.label" : {
      "annotation" : null,
      "extensionType" : null,
      "message" : "Afficher la reponse",
      "trackingId" : "3D4ABE8A-71EB-45A6-8BA0-C0A8A79D7446"
    },
    "z.handleNegativeFeedback.message" : {
      "annotation" : null,
      "extensionType" : null,
      "message" : "Je suis desole. Merci pour vos commentaires.",
      "trackingId" : "1F2DADA6-F3A2-4105-B38E-5ABE92A430AF"
    },
    "z.handlePositiveFeedback.message" : {
      "annotation" : null,
      "extensionType" : null,
      "message" : "Je vous remercie. Vous avez fait ma journee ^-^",
      "trackingId" : "2643E8F2-3946-4E69-BF56-67FE6ABB64C0"
    },
    "z.showAnswer.requestFeedback.Bad" : {
      "annotation" : null,
      "extensionType" : null,
      "message" : "👎",
      "trackingId" : "66C2C966-01F2-4B2C-B115-190947C4031D"
    },
    "z.showAnswer.requestFeedback.Happy" : {
      "annotation" : null,
      "extensionType" : null,
      "message" : "😊",
      "trackingId" : "29A37C89-B92F-4B02-BCEF-77CD8ECFA117"
    },
    "z.showAnswer.requestFeedback.Ok" : {
      "annotation" : null,
      "extensionType" : null,
      "message" : "👍",
      "trackingId" : "FCFD3B0D-46BB-40FA-B75F-30FF23BA4406"
    },
    "z.showAnswer.requestFeedback.Sad" : {
      "annotation" : null,
      "extensionType" : null,
      "message" : "😞",
      "trackingId" : "9FAE98C9-EC23-4B8E-8494-CFDC965EEC01"
    }
  },
  "languageTag" : "default"
}