{
  "annotations" : [ ],
  "autoCompleteData" : [ ],
  "description" : "Film 7  - \"Harry Potter et la chambre des secrets\" de Chris Columbus (2003)- Réel pour de vrai trains 🛠\n",
  "enabled" : true,
  "exampleData" : [ {
    "annotations" : [ ],
    "contributor" : null,
    "crowdJobId" : null,
    "detectedLanguage" : null,
    "developerId" : null,
    "developerTag" : null,
    "exampleEntities" : [ ],
    "nativeLanguageTag" : "fr",
    "sentence" : "Réel pour de vrai trains",
    "trackingId" : "18316818-B717-48B8-8B5A-2566DD4E7F6D",
    "translated" : null,
    "translatedBy" : null,
    "translatedLanguage" : null
  }, {
    "annotations" : [ ],
    "contributor" : null,
    "crowdJobId" : null,
    "detectedLanguage" : null,
    "developerId" : null,
    "developerTag" : null,
    "exampleEntities" : [ ],
    "nativeLanguageTag" : "fr",
    "sentence" : "Réel pour de vrai trains 🛠",
    "trackingId" : "1891C57D-1701-4E79-822E-5EAE7B30DD37",
    "translated" : null,
    "translatedBy" : null,
    "translatedLanguage" : null
  } ],
  "intentParameters" : [ ],
  "name" : "QnA.ans.Film7Train",
  "trackingId" : "CC462CF7-D343-4BFE-B764-959605B97102",
  "type" : "NLPIntent"
}