{
  "annotations" : [ ],
  "autoCompleteData" : [ ],
  "description" : "Film 3 – “Batman” de Tim Burton ( 1989) New-York en particulier !\n",
  "enabled" : true,
  "exampleData" : [ {
    "annotations" : [ ],
    "contributor" : null,
    "crowdJobId" : null,
    "detectedLanguage" : null,
    "developerId" : null,
    "developerTag" : null,
    "exampleEntities" : [ ],
    "nativeLanguageTag" : "fr",
    "sentence" : "C'est New-York en particulier ",
    "trackingId" : "5DA8D044-F627-4B55-8085-3CD682160B53",
    "translated" : null,
    "translatedBy" : null,
    "translatedLanguage" : null
  }, {
    "annotations" : [ ],
    "contributor" : null,
    "crowdJobId" : null,
    "detectedLanguage" : null,
    "developerId" : null,
    "developerTag" : null,
    "exampleEntities" : [ ],
    "nativeLanguageTag" : "fr",
    "sentence" : "De la Ville de New-York",
    "trackingId" : "F097CD17-7035-4FD8-859F-F16F61B1292A",
    "translated" : null,
    "translatedBy" : null,
    "translatedLanguage" : null
  }, {
    "annotations" : [ ],
    "contributor" : null,
    "crowdJobId" : null,
    "detectedLanguage" : null,
    "developerId" : null,
    "developerTag" : null,
    "exampleEntities" : [ ],
    "nativeLanguageTag" : "fr",
    "sentence" : "New-York en particulier !",
    "trackingId" : "C3666E10-A23A-45EE-AAD0-676FEFDF31B8",
    "translated" : null,
    "translatedBy" : null,
    "translatedLanguage" : null
  } ],
  "intentParameters" : [ ],
  "name" : "QnA.ans.Film3NewYork",
  "trackingId" : "3E33724D-6676-41C9-91C7-274567F08AED",
  "type" : "NLPIntent"
}