{
  "annotations" : [ ],
  "autoCompleteData" : [ ],
  "description" : "La cité futuriste de cette scène de la saga d'Hunger Games (2012 - 2015) 🏹  se trouve : Paris\n",
  "enabled" : true,
  "exampleData" : [ {
    "annotations" : [ ],
    "contributor" : null,
    "crowdJobId" : null,
    "detectedLanguage" : null,
    "developerId" : null,
    "developerTag" : null,
    "exampleEntities" : [ ],
    "nativeLanguageTag" : "fr",
    "sentence" : "Près de Paris",
    "trackingId" : "AFB35A50-0775-4352-BE2B-4A5D96438200",
    "translated" : null,
    "translatedBy" : null,
    "translatedLanguage" : null
  }, {
    "annotations" : [ ],
    "contributor" : null,
    "crowdJobId" : null,
    "detectedLanguage" : null,
    "developerId" : null,
    "developerTag" : null,
    "exampleEntities" : [ ],
    "nativeLanguageTag" : "fr",
    "sentence" : "Près de Paris 🇫🇷 !!",
    "trackingId" : "8D37AD74-4446-4DA6-9535-D1065D5C7FF3",
    "translated" : null,
    "translatedBy" : null,
    "translatedLanguage" : null
  } ],
  "intentParameters" : [ ],
  "name" : "QnA.ans.FilmBonusParis",
  "trackingId" : "3440942D-DED7-4E81-B5D5-9CBEB46B7EDC",
  "type" : "NLPIntent"
}