{
  "annotations" : [ ],
  "autoCompleteData" : [ ],
  "description" : "Film 6  D'après vous, cette étrange construction est-ce ...La maison d'un passionné de 👽🌌\n",
  "enabled" : true,
  "exampleData" : [ {
    "annotations" : [ ],
    "contributor" : null,
    "crowdJobId" : null,
    "detectedLanguage" : null,
    "developerId" : null,
    "developerTag" : null,
    "exampleEntities" : [ ],
    "nativeLanguageTag" : "fr",
    "sentence" : "La maison d'un passionné de",
    "trackingId" : "2A8E2C68-7744-4434-822E-0E46A98B75C6",
    "translated" : null,
    "translatedBy" : null,
    "translatedLanguage" : null
  }, {
    "annotations" : [ ],
    "contributor" : null,
    "crowdJobId" : null,
    "detectedLanguage" : null,
    "developerId" : null,
    "developerTag" : null,
    "exampleEntities" : [ ],
    "nativeLanguageTag" : "fr",
    "sentence" : "La maison d'un passionné de 👽🌌",
    "trackingId" : "50A8678D-BC15-4F49-83DE-1E404200DA8B",
    "translated" : null,
    "translatedBy" : null,
    "translatedLanguage" : null
  }, {
    "annotations" : [ ],
    "contributor" : null,
    "crowdJobId" : null,
    "detectedLanguage" : null,
    "developerId" : null,
    "developerTag" : null,
    "exampleEntities" : [ ],
    "nativeLanguageTag" : "fr",
    "sentence" : "La maison d'un passionné de. science fiction",
    "trackingId" : "F2E2CE36-B7D0-4A0E-B68C-3DC53FFECA32",
    "translated" : null,
    "translatedBy" : null,
    "translatedLanguage" : null
  } ],
  "intentParameters" : [ ],
  "name" : "QnA.ans.Film6Passionne",
  "trackingId" : "A048BF7A-E968-4263-8447-A6B817BAA77B",
  "type" : "NLPIntent"
}