{
  "annotations" : [ ],
  "autoCompleteData" : [ ],
  "description" : "La cité futuriste de cette scène de la saga d'Hunger Games (2012 - 2015) 🏹  se trouve : Hollywood\n",
  "enabled" : true,
  "exampleData" : [ {
    "annotations" : [ ],
    "contributor" : null,
    "crowdJobId" : null,
    "detectedLanguage" : null,
    "developerId" : null,
    "developerTag" : null,
    "exampleEntities" : [ ],
    "nativeLanguageTag" : "fr",
    "sentence" : "Aux Studios Hollywood",
    "trackingId" : "477A7A34-6B0D-459F-9CF1-02B91A21C82F",
    "translated" : null,
    "translatedBy" : null,
    "translatedLanguage" : null
  }, {
    "annotations" : [ ],
    "contributor" : null,
    "crowdJobId" : null,
    "detectedLanguage" : null,
    "developerId" : null,
    "developerTag" : null,
    "exampleEntities" : [ ],
    "nativeLanguageTag" : "fr",
    "sentence" : "Aux Studios Hollywood  🎞 ",
    "trackingId" : "F7DF3E25-DEEB-4761-8F38-C1421AA648C0",
    "translated" : null,
    "translatedBy" : null,
    "translatedLanguage" : null
  } ],
  "intentParameters" : [ ],
  "name" : "QnA.ans.FilmBonusHollywood",
  "trackingId" : "3B34FF10-3A7A-4A0E-ACEA-35D7024E4AB9",
  "type" : "NLPIntent"
}