{
  "annotations" : [ ],
  "autoCompleteData" : [ ],
  "description" : "Décor du Grand hôtel est un vrai batiment\n",
  "enabled" : true,
  "exampleData" : [ {
    "annotations" : [ ],
    "contributor" : null,
    "crowdJobId" : null,
    "detectedLanguage" : null,
    "developerId" : null,
    "developerTag" : null,
    "exampleEntities" : [ ],
    "nativeLanguageTag" : "fr",
    "sentence" : "C'est un bâtiment ",
    "trackingId" : "E2CA776A-8E71-49C3-A28B-DACC8DFA2B14",
    "translated" : null,
    "translatedBy" : null,
    "translatedLanguage" : null
  }, {
    "annotations" : [ ],
    "contributor" : null,
    "crowdJobId" : null,
    "detectedLanguage" : null,
    "developerId" : null,
    "developerTag" : null,
    "exampleEntities" : [ ],
    "nativeLanguageTag" : "fr",
    "sentence" : "C'est un bâtiment 🏩 ",
    "trackingId" : "FBB8C8D3-1A6A-4D3C-AA7A-5F287FA93BA3",
    "translated" : null,
    "translatedBy" : null,
    "translatedLanguage" : null
  }, {
    "annotations" : [ ],
    "contributor" : null,
    "crowdJobId" : null,
    "detectedLanguage" : null,
    "developerId" : null,
    "developerTag" : null,
    "exampleEntities" : [ ],
    "nativeLanguageTag" : "fr",
    "sentence" : "Le grand hotel est un vrai batiment",
    "trackingId" : "6B3208C9-7DD4-45FD-AD99-65CD778E8A0B",
    "translated" : null,
    "translatedBy" : null,
    "translatedLanguage" : null
  }, {
    "annotations" : [ ],
    "contributor" : null,
    "crowdJobId" : null,
    "detectedLanguage" : null,
    "developerId" : null,
    "developerTag" : null,
    "exampleEntities" : [ ],
    "nativeLanguageTag" : "fr",
    "sentence" : "The Grand Hotel est un vrai batiment",
    "trackingId" : "E856F6EA-B4D5-44B4-819F-E4DDC0E91AFF",
    "translated" : null,
    "translatedBy" : null,
    "translatedLanguage" : null
  } ],
  "intentParameters" : [ ],
  "name" : "QnA.ans.Film2Vrai",
  "trackingId" : "2DADB63A-AEFA-4D63-9D97-583BFE6447F6",
  "type" : "NLPIntent"
}