{
  "annotations" : [ ],
  "autoCompleteData" : [ ],
  "description" : "Film 4 Planète des singes de Franklin Schaffner (1968) - Villages préhistoriques",
  "enabled" : true,
  "exampleData" : [ {
    "annotations" : [ ],
    "contributor" : null,
    "crowdJobId" : null,
    "detectedLanguage" : null,
    "developerId" : null,
    "developerTag" : null,
    "exampleEntities" : [ ],
    "nativeLanguageTag" : "fr",
    "sentence" : "Ce sont des villages préhistoriques",
    "trackingId" : "80C0769E-A2CA-40A2-A9FF-25FA69E27512",
    "translated" : null,
    "translatedBy" : null,
    "translatedLanguage" : null
  }, {
    "annotations" : [ ],
    "contributor" : null,
    "crowdJobId" : null,
    "detectedLanguage" : null,
    "developerId" : null,
    "developerTag" : null,
    "exampleEntities" : [ ],
    "nativeLanguageTag" : "fr",
    "sentence" : "De villages préhistoriques",
    "trackingId" : "4D9DF7F2-7092-4C3F-ACEE-A1D1405CC929",
    "translated" : null,
    "translatedBy" : null,
    "translatedLanguage" : null
  } ],
  "intentParameters" : [ ],
  "name" : "QnA.ans.Film4VillagesPrehistorique",
  "trackingId" : "DF8A5E9E-7EA9-4A56-A115-7DE65FC976E9",
  "type" : "NLPIntent"
}