{
  "annotations" : [ ],
  "autoCompleteData" : [ ],
  "description" : "Film 5- La Saga de “Star Wars” ⚫⚔️ - •\tMaquettes de studio ou 3D 🎬\n",
  "enabled" : true,
  "exampleData" : [ {
    "annotations" : [ ],
    "contributor" : null,
    "crowdJobId" : null,
    "detectedLanguage" : null,
    "developerId" : null,
    "developerTag" : null,
    "exampleEntities" : [ ],
    "nativeLanguageTag" : "fr",
    "sentence" : "Maquettes de studio ou 3D",
    "trackingId" : "19C897FC-3138-4DFF-9A43-6AE8B92E946E",
    "translated" : null,
    "translatedBy" : null,
    "translatedLanguage" : null
  }, {
    "annotations" : [ ],
    "contributor" : null,
    "crowdJobId" : null,
    "detectedLanguage" : null,
    "developerId" : null,
    "developerTag" : null,
    "exampleEntities" : [ ],
    "nativeLanguageTag" : "fr",
    "sentence" : "Maquettes de studio ou 3D 🎬",
    "trackingId" : "0B797C8E-3463-4557-9DDE-C431FF05ACB8",
    "translated" : null,
    "translatedBy" : null,
    "translatedLanguage" : null
  } ],
  "intentParameters" : [ ],
  "name" : "QnA.ans.Film5Studio",
  "trackingId" : "FD2A462A-02B6-4312-B498-FE70854DC941",
  "type" : "NLPIntent"
}