{
  "annotations" : [ ],
  "autoCompleteData" : [ ],
  "description" : "Retour vers le Futur réalisé par Ordinateur",
  "enabled" : true,
  "exampleData" : [ {
    "annotations" : [ ],
    "contributor" : null,
    "crowdJobId" : null,
    "detectedLanguage" : null,
    "developerId" : null,
    "developerTag" : null,
    "exampleEntities" : [ ],
    "nativeLanguageTag" : "fr",
    "sentence" : "Film 1 Réalisé entièrement par ordinateur ! 💻",
    "trackingId" : "57876555-0153-4E4E-BCEF-BDD7F520A9FB",
    "translated" : null,
    "translatedBy" : null,
    "translatedLanguage" : null
  }, {
    "annotations" : [ ],
    "contributor" : null,
    "crowdJobId" : null,
    "detectedLanguage" : null,
    "developerId" : null,
    "developerTag" : null,
    "exampleEntities" : [ ],
    "nativeLanguageTag" : "fr",
    "sentence" : "Film Retour vers le Futur par ordinateur",
    "trackingId" : "08A0511A-2CDA-4CA3-98FB-1EE4D95350DA",
    "translated" : null,
    "translatedBy" : null,
    "translatedLanguage" : null
  }, {
    "annotations" : [ ],
    "contributor" : null,
    "crowdJobId" : null,
    "detectedLanguage" : null,
    "developerId" : null,
    "developerTag" : null,
    "exampleEntities" : [ ],
    "nativeLanguageTag" : "fr",
    "sentence" : "Réalisé entièrement par ordinateur ! 💻",
    "trackingId" : "757D6E2D-0FF4-44CB-BFC8-B217B0D92F9F",
    "translated" : null,
    "translatedBy" : null,
    "translatedLanguage" : null
  }, {
    "annotations" : [ ],
    "contributor" : null,
    "crowdJobId" : null,
    "detectedLanguage" : null,
    "developerId" : null,
    "developerTag" : null,
    "exampleEntities" : [ ],
    "nativeLanguageTag" : "fr",
    "sentence" : "Réalisé par ordinateur ! ",
    "trackingId" : "4C1B12C2-27DE-4086-8013-5547C0BEE890",
    "translated" : null,
    "translatedBy" : null,
    "translatedLanguage" : null
  }, {
    "annotations" : [ ],
    "contributor" : null,
    "crowdJobId" : null,
    "detectedLanguage" : null,
    "developerId" : null,
    "developerTag" : null,
    "exampleEntities" : [ ],
    "nativeLanguageTag" : "fr",
    "sentence" : "Réalisé par ordinateur ! 💻",
    "trackingId" : "EC902EB2-BC68-4944-9C7A-7A442AF92EED",
    "translated" : null,
    "translatedBy" : null,
    "translatedLanguage" : null
  } ],
  "intentParameters" : [ ],
  "name" : "QnA.ans.Film1Ordinateur",
  "trackingId" : "56B56435-B58A-4D69-A6C2-EB1B8505FA49",
  "type" : "NLPIntent"
}