{
  "annotations" : [ ],
  "autoCompleteData" : [ ],
  "description" : "Décor du Grand hôtel est une façade modifiée informatiquement \n",
  "enabled" : true,
  "exampleData" : [ {
    "annotations" : [ ],
    "contributor" : null,
    "crowdJobId" : null,
    "detectedLanguage" : null,
    "developerId" : null,
    "developerTag" : null,
    "exampleEntities" : [ ],
    "nativeLanguageTag" : "fr",
    "sentence" : "C'est une façade artificielle ",
    "trackingId" : "A56D2174-7786-42EE-A639-CB202BA678CB",
    "translated" : null,
    "translatedBy" : null,
    "translatedLanguage" : null
  }, {
    "annotations" : [ ],
    "contributor" : null,
    "crowdJobId" : null,
    "detectedLanguage" : null,
    "developerId" : null,
    "developerTag" : null,
    "exampleEntities" : [ ],
    "nativeLanguageTag" : "fr",
    "sentence" : "C'est une façade artificielle 😁",
    "trackingId" : "D78F1617-728E-40C9-80A9-465D7496AAA9",
    "translated" : null,
    "translatedBy" : null,
    "translatedLanguage" : null
  }, {
    "annotations" : [ ],
    "contributor" : null,
    "crowdJobId" : null,
    "detectedLanguage" : null,
    "developerId" : null,
    "developerTag" : null,
    "exampleEntities" : [ ],
    "nativeLanguageTag" : "fr",
    "sentence" : "Façade artificelle",
    "trackingId" : "185EE4FC-847F-4AC8-8EA9-B231903F40CD",
    "translated" : null,
    "translatedBy" : null,
    "translatedLanguage" : null
  }, {
    "annotations" : [ ],
    "contributor" : null,
    "crowdJobId" : null,
    "detectedLanguage" : null,
    "developerId" : null,
    "developerTag" : null,
    "exampleEntities" : [ ],
    "nativeLanguageTag" : "fr",
    "sentence" : "Façade artificielle 😁",
    "trackingId" : "EE73D608-2911-4BC9-B01F-A029AA16211B",
    "translated" : null,
    "translatedBy" : null,
    "translatedLanguage" : null
  } ],
  "intentParameters" : [ ],
  "name" : "QnA.ans.Film2Artificiel",
  "trackingId" : "A604B598-104E-440A-9E23-FD842EF840C9",
  "type" : "NLPIntent"
}