{
  "annotations" : [ ],
  "autoCompleteData" : [ ],
  "description" : "Film 7  - \"Harry Potter et la chambre des secrets\" de Chris Columbus (2003)- Réalisé par ordinateur, les 🧙n’existent pas !",
  "enabled" : true,
  "exampleData" : [ {
    "annotations" : [ ],
    "contributor" : null,
    "crowdJobId" : null,
    "detectedLanguage" : null,
    "developerId" : null,
    "developerTag" : null,
    "exampleEntities" : [ ],
    "nativeLanguageTag" : "fr",
    "sentence" : "Réalisé par ordinateur, les n’existent pas !",
    "trackingId" : "4630A689-4500-4BB0-A17A-CCFBBEAC0D7C",
    "translated" : null,
    "translatedBy" : null,
    "translatedLanguage" : null
  }, {
    "annotations" : [ ],
    "contributor" : null,
    "crowdJobId" : null,
    "detectedLanguage" : null,
    "developerId" : null,
    "developerTag" : null,
    "exampleEntities" : [ ],
    "nativeLanguageTag" : "fr",
    "sentence" : "Réalisé par ordinateur, les sorcières n’existent pas !",
    "trackingId" : "9B674F8A-E4AA-4FC9-A54F-55AA85AF40C1",
    "translated" : null,
    "translatedBy" : null,
    "translatedLanguage" : null
  }, {
    "annotations" : [ ],
    "contributor" : null,
    "crowdJobId" : null,
    "detectedLanguage" : null,
    "developerId" : null,
    "developerTag" : null,
    "exampleEntities" : [ ],
    "nativeLanguageTag" : "fr",
    "sentence" : "Réalisé par ordinateur, les 🧙n’existent pas !",
    "trackingId" : "E8E22A5C-10E7-43D7-8FAD-BA53D41FD8C6",
    "translated" : null,
    "translatedBy" : null,
    "translatedLanguage" : null
  } ],
  "intentParameters" : [ ],
  "name" : "QnA.ans.Film7Sorciere",
  "trackingId" : "AA2EDAA4-2652-4187-A933-1DEBE3069A94",
  "type" : "NLPIntent"
}