{
  "annotations" : [ ],
  "autoCompleteData" : [ ],
  "description" : "Retour vers le Futur entièrement construit pour le film 🛠\n",
  "enabled" : true,
  "exampleData" : [ {
    "annotations" : [ ],
    "contributor" : null,
    "crowdJobId" : null,
    "detectedLanguage" : null,
    "developerId" : null,
    "developerTag" : null,
    "exampleEntities" : [ ],
    "nativeLanguageTag" : "fr",
    "sentence" : "Décor du Film1 entièrement construit",
    "trackingId" : "EB61FB8B-9461-4949-914D-DBFE0916493E",
    "translated" : null,
    "translatedBy" : null,
    "translatedLanguage" : null
  }, {
    "annotations" : [ ],
    "contributor" : null,
    "crowdJobId" : null,
    "detectedLanguage" : null,
    "developerId" : null,
    "developerTag" : null,
    "exampleEntities" : [ ],
    "nativeLanguageTag" : "fr",
    "sentence" : "Décor du Film1 entièrement construit 🛠",
    "trackingId" : "B7D8B457-5BAF-43BC-A38E-60DDA0C8C686",
    "translated" : null,
    "translatedBy" : null,
    "translatedLanguage" : null
  }, {
    "annotations" : [ ],
    "contributor" : null,
    "crowdJobId" : null,
    "detectedLanguage" : null,
    "developerId" : null,
    "developerTag" : null,
    "exampleEntities" : [ ],
    "nativeLanguageTag" : "fr",
    "sentence" : "Entièrement construit pour le film 🛠",
    "trackingId" : "774FB641-B456-4A4C-9AC9-05D2F5119E59",
    "translated" : null,
    "translatedBy" : null,
    "translatedLanguage" : null
  } ],
  "intentParameters" : [ ],
  "name" : "QnA.ans.Film1Construit",
  "trackingId" : "D10A4F6A-03EF-433B-B414-1F941DC46E90",
  "type" : "NLPIntent"
}