{
  "annotations" : [ ],
  "autoCompleteData" : [ ],
  "description" : "L'envers du décor 👍\n\n",
  "enabled" : true,
  "exampleData" : [ {
    "annotations" : [ ],
    "contributor" : null,
    "crowdJobId" : null,
    "detectedLanguage" : null,
    "developerId" : null,
    "developerTag" : null,
    "exampleEntities" : [ ],
    "nativeLanguageTag" : "fr",
    "sentence" : "C'est quoi l'envers du décor",
    "trackingId" : "B31FE4D8-5D52-4052-BFBB-CB7E457BAD71",
    "translated" : null,
    "translatedBy" : null,
    "translatedLanguage" : null
  }, {
    "annotations" : [ ],
    "contributor" : null,
    "crowdJobId" : null,
    "detectedLanguage" : null,
    "developerId" : null,
    "developerTag" : null,
    "exampleEntities" : [ ],
    "nativeLanguageTag" : "fr",
    "sentence" : "L'envers du décor pour les nuls",
    "trackingId" : "40D90E59-E40E-461C-939E-240E96960D76",
    "translated" : null,
    "translatedBy" : null,
    "translatedLanguage" : null
  }, {
    "annotations" : [ ],
    "contributor" : null,
    "crowdJobId" : null,
    "detectedLanguage" : null,
    "developerId" : null,
    "developerTag" : null,
    "exampleEntities" : [ ],
    "nativeLanguageTag" : "fr",
    "sentence" : "L'envers du décor, c'est quoi ce délire",
    "trackingId" : "EC0CF1C3-F19F-44D9-87A6-B3E65A3C3490",
    "translated" : null,
    "translatedBy" : null,
    "translatedLanguage" : null
  }, {
    "annotations" : [ ],
    "contributor" : null,
    "crowdJobId" : null,
    "detectedLanguage" : null,
    "developerId" : null,
    "developerTag" : null,
    "exampleEntities" : [ ],
    "nativeLanguageTag" : "fr",
    "sentence" : "L'envers du décor, c'est quoi ce délire 🧐",
    "trackingId" : "C8CC39A0-8116-4DEE-9CB4-FB0F7C742503",
    "translated" : null,
    "translatedBy" : null,
    "translatedLanguage" : null
  } ],
  "intentParameters" : [ ],
  "name" : "QnA.ans.Commencer",
  "trackingId" : "06083D08-D393-43C2-B899-B71350D585C3",
  "type" : "NLPIntent"
}