{
  "annotations" : [ ],
  "autoCompleteData" : [ ],
  "description" : "Film 3 – “Batman” de Tim Burton ( 1989) Du style gothique anglais 💪\n",
  "enabled" : true,
  "exampleData" : [ {
    "annotations" : [ ],
    "contributor" : null,
    "crowdJobId" : null,
    "detectedLanguage" : null,
    "developerId" : null,
    "developerTag" : null,
    "exampleEntities" : [ ],
    "nativeLanguageTag" : "fr",
    "sentence" : "Du style gothique anglais",
    "trackingId" : "3D941AF4-06E4-4EBA-9DD0-34E4E6BCBA63",
    "translated" : null,
    "translatedBy" : null,
    "translatedLanguage" : null
  }, {
    "annotations" : [ ],
    "contributor" : null,
    "crowdJobId" : null,
    "detectedLanguage" : null,
    "developerId" : null,
    "developerTag" : null,
    "exampleEntities" : [ ],
    "nativeLanguageTag" : "fr",
    "sentence" : "Du style gothique anglais 💪",
    "trackingId" : "2FA80B45-283F-4D82-A180-9AB3E1A3F301",
    "translated" : null,
    "translatedBy" : null,
    "translatedLanguage" : null
  }, {
    "annotations" : [ ],
    "contributor" : null,
    "crowdJobId" : null,
    "detectedLanguage" : null,
    "developerId" : null,
    "developerTag" : null,
    "exampleEntities" : [ ],
    "nativeLanguageTag" : "fr",
    "sentence" : "c'est du style gothique anglais 💪",
    "trackingId" : "D895EEA7-78C6-442F-B157-AC6F974F5165",
    "translated" : null,
    "translatedBy" : null,
    "translatedLanguage" : null
  } ],
  "intentParameters" : [ ],
  "name" : "QnA.ans.Film3GothiqueAnglais",
  "trackingId" : "7C883B0B-6533-42C5-981F-3F9A48436C1E",
  "type" : "NLPIntent"
}