{
  "annotations" : [ ],
  "autoCompleteData" : [ ],
  "description" : "Film 5- La Saga de “Star Wars” ⚫⚔️ - Des villes en Tunisie 🇹🇳\n.",
  "enabled" : true,
  "exampleData" : [ {
    "annotations" : [ ],
    "contributor" : null,
    "crowdJobId" : null,
    "detectedLanguage" : null,
    "developerId" : null,
    "developerTag" : null,
    "exampleEntities" : [ ],
    "nativeLanguageTag" : "fr",
    "sentence" : "Des villes en Tunisie",
    "trackingId" : "7E6D0434-9376-4284-830E-7CBB31E9EBDF",
    "translated" : null,
    "translatedBy" : null,
    "translatedLanguage" : null
  }, {
    "annotations" : [ ],
    "contributor" : null,
    "crowdJobId" : null,
    "detectedLanguage" : null,
    "developerId" : null,
    "developerTag" : null,
    "exampleEntities" : [ ],
    "nativeLanguageTag" : "fr",
    "sentence" : "Des villes en Tunisie 🇹🇳",
    "trackingId" : "157237E1-359E-4ED3-AC90-11B50E2CD09B",
    "translated" : null,
    "translatedBy" : null,
    "translatedLanguage" : null
  } ],
  "intentParameters" : [ ],
  "name" : "QnA.ans.Film5Tunisie",
  "trackingId" : "8401E447-C2CD-4C1C-AFBA-7D7B49B84E06",
  "type" : "NLPIntent"
}