{
  "annotations" : [ ],
  "autoCompleteData" : [ ],
  "description" : "Film 6  D'après vous, cette étrange construction est-ce ...Maquette d'un vaisseau 🚀\n",
  "enabled" : true,
  "exampleData" : [ {
    "annotations" : [ ],
    "contributor" : null,
    "crowdJobId" : null,
    "detectedLanguage" : null,
    "developerId" : null,
    "developerTag" : null,
    "exampleEntities" : [ ],
    "nativeLanguageTag" : "fr",
    "sentence" : "Maquette d'un vaisseau",
    "trackingId" : "10943754-9880-4FCF-97F4-D22DC6935555",
    "translated" : null,
    "translatedBy" : null,
    "translatedLanguage" : null
  }, {
    "annotations" : [ ],
    "contributor" : null,
    "crowdJobId" : null,
    "detectedLanguage" : null,
    "developerId" : null,
    "developerTag" : null,
    "exampleEntities" : [ ],
    "nativeLanguageTag" : "fr",
    "sentence" : "Maquette d'un vaisseau 🚀",
    "trackingId" : "B907423A-55F1-4454-A164-1161CEB2B6F4",
    "translated" : null,
    "translatedBy" : null,
    "translatedLanguage" : null
  } ],
  "intentParameters" : [ ],
  "name" : "QnA.ans.Film6Vaisseau",
  "trackingId" : "115454D4-45CE-449B-BDFD-37C0E76032F4",
  "type" : "NLPIntent"
}