{
  "annotations" : [ ],
  "autoCompleteData" : [ ],
  "description" : "Film 4 Planète des singes de Franklin Schaffner (1968) - Planète Tatouine dans Star Wars\n",
  "enabled" : true,
  "exampleData" : [ {
    "annotations" : [ ],
    "contributor" : null,
    "crowdJobId" : null,
    "detectedLanguage" : null,
    "developerId" : null,
    "developerTag" : null,
    "exampleEntities" : [ ],
    "nativeLanguageTag" : "fr",
    "sentence" : "C'est la planète Tatouine",
    "trackingId" : "BFC060DA-2AD6-4CD1-8245-05C7628F34C2",
    "translated" : null,
    "translatedBy" : null,
    "translatedLanguage" : null
  }, {
    "annotations" : [ ],
    "contributor" : null,
    "crowdJobId" : null,
    "detectedLanguage" : null,
    "developerId" : null,
    "developerTag" : null,
    "exampleEntities" : [ ],
    "nativeLanguageTag" : "fr",
    "sentence" : "Planète Tatouine ",
    "trackingId" : "AAD11B0A-84B0-4220-BD4E-51A17512B6A6",
    "translated" : null,
    "translatedBy" : null,
    "translatedLanguage" : null
  } ],
  "intentParameters" : [ ],
  "name" : "QnA.ans.Film4Tatouine",
  "trackingId" : "33532E42-6CE4-4DEF-B395-42E0B1AA61B9",
  "type" : "NLPIntent"
}