{
  "annotations" : [ ],
  "autoCompleteData" : [ ],
  "enabled" : true,
  "exampleData" : [ {
    "annotations" : [ ],
    "contributor" : null,
    "crowdJobId" : null,
    "detectedLanguage" : null,
    "developerId" : null,
    "developerTag" : null,
    "exampleEntities" : [ ],
    "nativeLanguageTag" : "fr",
    "sentence" : "Batman",
    "trackingId" : "25038144-B49C-4C0A-8329-A85AC88BF639",
    "translated" : null,
    "translatedBy" : null,
    "translatedLanguage" : null
  }, {
    "annotations" : [ ],
    "contributor" : null,
    "crowdJobId" : null,
    "detectedLanguage" : null,
    "developerId" : null,
    "developerTag" : null,
    "exampleEntities" : [ ],
    "nativeLanguageTag" : "fr",
    "sentence" : "Film 3",
    "trackingId" : "39E25E22-19DF-4CAE-89E2-DD099423BCDA",
    "translated" : null,
    "translatedBy" : null,
    "translatedLanguage" : null
  }, {
    "annotations" : [ ],
    "contributor" : null,
    "crowdJobId" : null,
    "detectedLanguage" : null,
    "developerId" : null,
    "developerTag" : null,
    "exampleEntities" : [ ],
    "nativeLanguageTag" : "fr",
    "sentence" : "Film3",
    "trackingId" : "5DCCE8DF-0D56-4057-816C-A84F5247A512",
    "translated" : null,
    "translatedBy" : null,
    "translatedLanguage" : null
  } ],
  "intentParameters" : [ ],
  "name" : "z.Film3",
  "trackingId" : "7CDF55A5-F4E1-40F3-B37F-C0817A4B17CC",
  "type" : "NLPIntent"
}